대여소_구,대여소명,설치일자
강남구,2301. 현대고등학교 건너편,2017-06-13 9:19
강남구,2302. 교보타워 버스정류장(신논현역 3번출구 후면),2017-06-13 10:32
강남구,2303. 논현역 7번출구,2017-06-13 10:33
강남구,2304. 신영 ROYAL PALACE 앞,2017-06-13 10:36
강남구,2305. MCM 본사 직영점 앞,2017-06-13 10:37
강남구,2306. 압구정역 2번 출구 옆,2017-06-13 10:38
강남구,2307. 압구정 한양 3차 아파트,2017-06-13 10:40
강남구,2308. 압구정파출소 앞,2017-06-13 10:41
강남구,2309. 청담역(우리들병원 앞),2017-06-13 9:42
강남구,2310. 청담동 맥도날드 옆(위치),2017-06-13 10:42
강남구,2311. 학동로 래미안 아파트 앞,2017-06-13 9:46
강남구,2312. 청담역 13번 출구 앞,2017-06-13 10:44
강남구,2313. 금원빌딩 앞,2017-06-13 10:45
강남구,2314. 청담나들목입구,2017-06-13 10:57
강남구,2315. 봉은사역 5번출구 옆,2017-06-13 10:58
강남구,2316. 삼성역 8번출구,2017-06-13 10:59
강남구,2317. 삼성도로공원,2017-06-13 9:43
강남구,2318. 삼성중앙역4번출구(문화센터더 리빌),2017-06-13 14:25
강남구,2319. 포스코4거리 서측(수협 삼성동 지점),2017-06-13 14:26
강남구,2320. 도곡역 대치지구대 방향,2017-06-13 14:27
강남구,2321. 학여울역 사거리,2017-06-13 14:28
강남구,2322. 삼성역 3번 출구,2017-06-13 14:39
강남구,2323. 주식회사 오뚜기 정문 앞,2017-06-13 14:53
강남구,2324. 천주교 대치 2동 교회 옆,2017-06-13 14:55
강남구,2325. 대치동 버거킹대치점,2017-06-13 14:56
강남구,2326. 대치동 삼성로,2017-06-13 14:58
강남구,2327. 뱅뱅사거리 랜드마크타워 앞,2017-06-13 15:00
강남구,2328. 르네상스 호텔 사거리 역삼지하보도 7번출구 앞,2017-06-13 15:04
강남구,2329. 르네상스호텔사거리 역삼지하보도 2번출구,2017-06-13 15:21
강남구,2330. 스타벅스 앞,2017-06-13 15:22
강남구,2331. 동영문화센터앞,2017-06-13 15:24
강남구,2332. 선릉역3번출구,2017-06-13 15:24
강남구,2333. 양재역 3번출구 주변,2017-06-13 15:27
강남구,2334. 8.삼호@ 2동 ( 간선도로),2017-06-13 15:59
강남구,2335. 3호선 매봉역 3번출구앞,2017-06-13 16:01
강남구,2336. 강남세브란스교차로  래미안그레이튼 104동 앞,2017-06-13 16:02
강남구,2337. 대모산입구역 2번출구 앞,2017-06-13 9:38
강남구,2339. 현대아파트 정문 앞,2017-06-13 16:04
강남구,2340. 삼호물산버스정류장(23370) 옆,2017-06-13 16:05
강남구,2341. 일원역 4~5번 출구 사이,2017-06-13 16:07
강남구,2342. 대청역 1번출구  뒤,2017-06-13 16:08
강남구,2343. 세곡사거리 대왕파출소 앞,2017-06-13 9:22
강남구,2344. 리엔파크 2단지 앞,2017-06-13 9:23
강남구,2347. 두산건설 본사,2017-08-22 10:45
강남구,2348. 포스코사거리(기업은행),2017-06-13 10:49
강남구,2349. 역삼빌딩 앞(하나은행 옆),2017-08-21 19:12
강남구,2350. 래미안그레이튼102동앞,2017-08-21 19:38
강남구,2351. 청소년수련관(수영장)앞,2017-08-01 12:04
강남구,2352. 서울본부세관(건설회관 앞),2017-08-22 10:49
강남구,2353. 강남구청역 2번출구 뒤,2017-08-22 10:51
강남구,2354. 청담역 2번출구,2017-08-21 14:47
강남구,2355. 삼성역 5~6번 출구 사이,2017-08-21 14:51
강남구,2356. 강남구청,2017-08-21 14:49
강남구,2357. 르네상스호텔사거리 역삼지하보도 3번출구 앞 (더 오번 빌딩 명동칼국수 앞),2017-08-25 15:54
강남구,2358. 구룡초사거리 (현대아파트10동 앞 ),2017-08-21 14:57
강남구,"2359. 국립국악중,고교 정문 맞은편",2017-08-21 15:00
강남구,2360. 도곡1동 주민센터 교차로,2017-08-21 14:54
강남구,2361. 압구정역 교차로,2017-11-01 16:00
강남구,2362. 신사동 가로수길 입구,2017-11-01 16:00
강남구,2363. 강남 을지병원 교차로,2017-11-01 16:00
강남구,2364. 도산대로 렉서스 앞,2017-11-01 16:00
강남구,2365. K+ 타워 앞,2017-11-01 16:00
강남구,2368. 도곡동 경남아파트 건너편,2017-11-01 16:00
강남구,2369. KT선릉타워,2017-11-01 16:00
강남구,2370. 한티역 3번출구,2017-11-01 16:00
강남구,2371. 한국우편사업진흥원,2017-11-01 16:00
강남구,2372. 대치역 사거리,2017-11-01 16:00
강남구,2373. 개포동역 사거리,2017-11-01 16:00
강남구,2375. 수서역 1번출구 앞,2017-11-01 16:00
강남구,2376. 수서역 6번출구 앞,2017-11-01 16:00
강남구,2377. 수서역 5번출구 뒤,2017-11-01 16:00
강남구,2380. 삼성동베이직하우스앞,2017-11-28 9:37
강남구,2381. 언주역 6번출구앞,2017-11-28 9:38
강남구,2382. 역삼동 sk뷰 501동앞,2017-11-28 9:38
강남구,2383. 보금자리정원,2017-11-28 9:40
강남구,2384. 자곡사거리,2017-12-22 14:46
강남구,2385. 학동역,2017-12-22 14:46
강남구,2387. 래미안강남힐즈 사거리,2018-02-26 11:47
강남구,강남구 도시관리공단,2018.7.4개통
강남구,경기여자고등학교 후문 (삼성로3길 입구),2018.11.04
강남구,구룡마을 입구(래미안블레스티지 아파트),2018.10.08
강남구,구룡마을 입구(개포1단지아파트),2018.10.08
강남구,구룡산 입구(구룡산 서울둘레길 입구),2018.10.08
강남구,구룡사 앞 교차로 (보도육교),2018.10.08
강남구,래미안강남포레스트 입구(보도육교),2018.11.04
강남구,개포1단지아파트 입구(보도육교),2018.10.08
강남구,영동3교 북단(우성캐릭터 앞 보도),2018.10.08
강남구,더라움,2018.10.30
강남구,밀알학교 입구 (삼성서울병원 입구),2018.09.14
강남구,공무원연금매점 교차로(개포주공9단지 입구),2018.10.08
강남구,대모산입구역 4번 출구 앞,2018.10.08
강남구,청담공원앞 교차로,2018.10.08
강남구,논현동 광명빌딩 앞,2018.11.04
강남구,역삼.서초.삼성 세무서 앞(역삼빌딩 앞),2018.09.18
강남구,강남한양수자인아파트,2018.10.02
강남구, 역삼동 디오슈페리움 (우성아파트 사거리),2018.11.14
강남구,포스코피앤에스타워 (역삼역 3번출구 부근),2018.11.14
강남구, 세곡동 성당,2019.02.25
강남구,일원1동 주민센터,2018.11.14
강동구,1001. 광진교 남단 사거리(디지털프라자앞),2017-04-19 10:11
강동구,1002. 해공공원(천호동),2017-04-19 14:00
강동구,1003. 해공도서관앞,2017-04-19 14:16
강동구,1004. 삼성광나루아파트 버스정류장,2017-04-19 14:39
강동구,1006. 롯데캐슬 115동앞,2017-04-19 14:43
강동구,1007.암사동 선사유적지,2017-04-19 14:43
강동구,1008. 암사역 3번출구(국민은행앞),2017-04-19 14:44
강동구,1009. 천호역4번출구(현대백화점),2017-04-19 14:46
강동구,1010. 강동세무서,2017-04-19 14:47
강동구,1011. LIGA 아파트 앞,2017-04-19 14:48
강동구,1012. 서울 상운차량,2017-04-19 14:50
강동구,1013. 강동구청역 1번 출입구,2017-04-19 14:51
강동구,1014. 강동구평생학습관앞,2017-04-19 14:52
강동구,1015. 샛마을 근린공원,2017-04-19 14:59
강동구,1016. 해뜨는 주유소옆 리엔파크 109동앞,2017-04-19 15:00
강동구,1017. 맥도날드(길동),2017-04-19 15:02
강동구,1018. 둔촌 주공 GS 맞은편,2017-06-22 10:08
강동구,1019. 다성이즈빌아파트(호원대 대각선 맞은편),2017-04-19 15:03
강동구,1020. 강동경찰서,2017-04-19 15:04
강동구,1021. 강일동 리슈빌 빌딩앞,2017-04-19 15:05
강동구,1022. 길동 사거리(초소앞),2017-04-19 15:06
강동구,1023. 한국종합기술사옥 앞,2017-11-01 16:00
강동구,1024.  강동구청 앞,2017-11-01 16:00
강동구,1025. 상일초등학교,2017-11-01 16:00
강동구,1026. 대명초교 입구 교차로,2017-11-01 16:00
강동구,1027. 프라자 아파트 앞,2017-11-01 16:00
강동구,1028. 포레스 주상복합 빌딩,2017-11-01 16:00
강동구,1029. 롯데 시네마,2017-11-01 16:00
강동구,1030. 미호 플랜트 앞,2017-11-01 16:00
강동구,1031. 암사동 CBIS,2017-11-01 16:00
강동구,1032. 선사고등학교,2017-11-01 16:00
강동구,1033. 고덕동 아남아파트,2017-11-01 16:00
강동구,1034. 고덕동 래미안 힐스테이트,2017-11-01 16:00
강동구,1035. 고덕역 4번출구,2017-11-01 16:00
강동구,1036. 고덕동 주양쇼핑,2017-11-01 16:00
강동구,1037. 강일 6단지,2017-11-01 16:00
강동구,1038. 강일 다솜 어린이 공원,2017-11-01 16:00
강동구,1039. 고덕초등학교,2017-11-01 16:00
강동구,1041. 묘곡초등학교,2017-11-01 16:00
강동구,1042. 강일 2.5단지 사이,2017-11-01 16:00
강동구,1044. 굽은다리역,2017-11-01 16:00
강동구,1047. 건강보험 강동지사kt,2018-01-16 14:01
강동구,1048. 동부기업(둔촌동),2018-01-16 14:04
강동구,1049. 강일동 10단지 아파트,2018-01-16 14:05
강동구,1050.  둔촌역 3번 출입구,2018-02-26 12:03
강동구,1051. 양지시장 (용성약국앞) 입구,2018-02-26 12:05
강동구,리싸이클시티,2018.09.03
강동구,동명근린공원 진입로 (아리수로),2018.09.03
강동구,말우물 어린이 공원,2018.09.03
강동구,강일리엔파크 7~11단지,2018.09.07
강동구,능골근린공원,2018.09.10
강동구,고덕숲 아이파크 1,2018.09.10
강동구,레미안 강동팰리스(102동),2018.10.25
강동구,천일초교 사거리,2018.09.11
강동구,천호초교 입구 사거리(일주빌딩),2018.09.10
강동구,고덕숲 아이파크 2,2018.09.10
강동구,서원마을,2018.11.14
강북구,"1501. 미아역 3번,4번 출구 사이",2017-08-03 15:47
강북구,1503. 이디야 커피 수유역점 앞,2017-05-11 9:22
강북구,1504. 다이소 삼양시장점,2017-05-11 9:24
강북구,1506. 강북문화예술회관,2017-05-11 9:26
강북구,1509. 서울북부수도사업소,2017-06-22 10:41
강북구,1510. 번동주공5단지 관리사무소 앞,2017-06-22 13:16
강북구,1511. 번동 금호어울림아파트102동앞,2017-06-22 13:16
강북구,1512. 강북중학교 앞,2017-06-22 13:17
강북구,1513. 강북구청 뒷편,2017-06-22 13:18
강북구,1514. 강북구청 사거리 버스정류소 앞,2017-05-11 9:29
강북구,1515. 송천동 주민센터,2017-05-11 9:31
강북구,1516. 우이초등학교 후문 옆,2017-05-11 9:35
강북구,1518. SK telecom(수유직영점) 앞,2017-05-11 9:37
강북구,1519. 세븐일레븐 수유장미원점 앞,2017-05-11 9:33
강북구,1520. 성실교회,2017-05-11 9:32
강북구,1522. 월드전기조명인테리어(우이동),2017-06-22 13:19
강북구,1525. 미아동 복합청사,2017-05-11 9:30
강북구,1526. 수유동 채선당앞,2017-11-01 16:00
강북구,1527. 미아역 1번 출구 뒤,2017-11-01 16:00
강북구,1528. 삼각산동 주민센터,2017-11-01 16:00
강북구,1529. 미아동 한국전력공사,2017-11-01 16:00
강북구,1530. 광산사거리,2017-11-01 16:00
강북구,1531. 미아사거리 1번 출구,2017-11-01 16:00
강북구,1532. 번3동 주민센터 교차로,2017-11-01 16:00
강북구,"1533. 번동 주공3, 4단지 교차로",2017-11-01 16:00
강북구,1534. 북서울 꿈의 숲 동문,2017-11-01 16:00
강북구,1535. 효성인텔리안 앞,2017-11-01 16:00
강북구,1536. 번동 두산위브 101동 옆,2017-11-01 16:00
강북구,1537. 북한산 우이역,2018-02-26 11:20
강북구,1538. 솔밭공원역,2018-02-26 11:21
강북구,1539. 4.19민주묘지역,2018-02-26 11:22
강북구,1540. 가오리역,2018-02-26 11:23
강북구,1541. 삼양역,2018-02-26 11:26
강북구,1542. 삼양사거리역,2018-02-26 11:27
강북구,1543. 수유1동 주민센터,2018-02-26 12:06
강북구,솔샘역2번출구,2018.07.27
강북구,송천동우체국,2018.10.25
강북구,꿈의숲 롯데캐슬,2018.12.14
강북구,북서울 꿈의숲 서문,2018.12.14
강서구,1101. 개화동상사마을종점 버스정류장,2017-04-24 9:24
강서구,1102. 방화사거리 마을버스 버스정류장,2017-04-24 9:26
강서구,1103. 방화역 4번출구앞,2017-06-22 10:10
강서구,1105. 방화근린공원,2017-04-24 9:32
강서구,1106. 신방화사거리,2017-06-20 10:00
강서구,1108. 공항시장역 1번출구,2017-04-24 9:34
강서구,1109. 공항시장역 4번출구,2017-04-24 9:34
강서구,1110. 공항중학교앞,2017-06-20 10:22
강서구,1111. 마곡엠밸리6_7단지 마곡중학교,2017-04-24 9:36
강서구,1112. 마곡엠밸리4단지 정문,2017-04-24 9:36
강서구,1113. 서남환경공원 버스정류장,2017-04-24 9:38
강서구,1114. 서남물재생센터 버스정류장,2017-04-24 9:41
강서구,1115. 등촌역 1번출구옆,2017-06-22 10:13
강서구,1117. 스타벅스앞,2017-06-22 10:14
강서구,1118. 증미역 3번출구뒤(등촌두산위브센티움오피스텔),2017-04-24 9:41
강서구,1119. 염창동 한마음아파트앞(염창동 빛나는 음악학원앞),2017-04-24 9:43
강서구,1120. 대림경동아파트앞,2017-04-24 9:43
강서구,1121. 가양레포츠센터앞,2017-04-24 9:45
강서구,1122. 황금내근린공원,2017-04-24 9:45
강서구,1124. 발산역 6번출구옆(다이소앞),2017-04-24 9:47
강서구,1125. 명덕고교입구(영종빌딩),2017-06-22 10:16
강서구,1126. 우장산역 1번출구옆(우장산아이파크105동앞),2017-04-24 9:48
강서구,1127. 화곡역(에이스정형외과앞) 버스정류장,2017-04-24 9:51
강서구,1128. 화곡역 6번출구,2017-06-20 10:27
강서구,1129. 화곡역 1번 출구 앞,2017-04-24 9:52
강서구,1130. 화곡본동시장 버스정류장,2017-04-24 9:53
강서구,1131. 꿈돌이공원 앞,2017-04-24 9:56
강서구,1132. 등촌역 7번출구,2017-04-24 9:57
강서구,1135. 강서구의회,2017-04-24 9:59
강서구,1136. 등촌2파출소,2017-04-24 10:00
강서구,1137. 등촌2동주민센터,2017-04-24 10:01
강서구,1139. 용문사 버스정류장,2017-04-24 10:02
강서구,1140. 목동사거리 버스정류장,2017-04-24 10:04
강서구,1141. 곰달래 문화복지센터 1-1,2017-04-24 10:05
강서구,1145. 곰달래 문화복지센터 1-2,2017-04-24 10:06
강서구,1146. 곰달래사거리,2017-04-24 10:07
강서구,1148. 볏골공원,2017-04-24 10:08
강서구,1149. 신방화역환승주차장,2017-08-31 11:19
강서구,1150. 송정역 1번출구,2017-11-01 16:00
강서구,1151. 마곡역1번출구,2017-11-01 16:00
강서구,1152. 마곡역교차로,2017-11-01 16:00
강서구,1153. 발산역 2번출구,2017-11-01 16:00
강서구,1155. 기쁜우리복지관,2017-11-01 16:00
강서구,1157. 강서구청,2017-11-01 16:00
강서구,1158. 가양역 8번출구,2017-11-28 10:12
강서구,1159. 서서울모터리움앞,2017-11-28 10:12
강서구,1160. 양천향교역 7번출구앞,2017-11-28 10:13
강서구,1161. 강서면허시험장앞,2017-11-28 10:14
강서구,1162. 공항초등학교건너편,2017-11-28 10:15
강서구,1163. 방화동강서기동대앞,2017-11-28 10:16
강서구,1165. 마곡중학교 후문,2017-12-08 9:00
강서구,1166. 강서구립등빛도서관,2017-12-22 14:33
강서구,1167. 마곡수명산파크3단지 교차로,2017-12-22 14:34
강서구,1168. 마곡엠밸리10단지 앞,2018-02-26 11:41
강서구,염창역 1번 출구,2018.10.04
강서구,강서구보건소(삼성디지털 프라자),2018.10.04
강서구,염창동 새마을금고 건너편(모닝글로리),2018.10.04
강서구,가양3동 주민센터,2018.10.04
강서구,강서구청사거리(SH타워),2018.10.04
강서구,강서구청사거리(부민병원),2018.10.04
강서구,대한항공 인력개발센터,2018.10.04
강서구,수명중?고교,2018.10.04
강서구,개화산역 2번 출구,2018.10.10
강서구,마곡엠밸리 15단지(1502동) 건너편,2018.10.04
강서구,농산식품공사(강서지사),2018.10.10
강서구,KBS 스포츠월드,2018.10.10
강서구,KC 대학교,2018.10.30
강서구,마곡13단지,2018.10.10
강서구,등촌9단지,2018.10.10
강서구,송정중학교,2018.10.10
강서구,강서수산물도매시장,2018.12.14
강서구,롯데중앙연구소,2018.11.20
강서구,마곡역 교차로(2번출구),2018.11.20
강서구,마곡역 교차로(NH농협),2018.11.20
강서구,마곡수명산파크 209동 건너편,2018.11.26
강서구,마곡센트럴타워1차,2018.11.20
강서구,센서택㈜,2018.11.20
강서구,코오롱 One&Only 타워,2018.11.20
강서구,서울식물원(문화센터) 건너편,2018.11.20
강서구,엘펠리체 호텔 건너편,2018.11.20
강서구,LG 사이언스피크,2018.11.20
강서구,우장산역 3번출구,2018.12.04
강서구,개화광역환승센터,2018.12.14
강서구,마곡나루역5번출구,2018.11.14
강서구,마곡 엠밸리2단지,2018.11.14
관악구,2102. 봉림교 교통섬,2017-05-12 11:50
관악구,2103. 신림동 우방아파트,2017-05-12 11:51
관악구,2104. 사당역 5번출구,2017-05-26 9:43
관악구,2105. 미성동 신림체육센터,2017-05-12 11:52
관악구,2106. 난곡 새마을금고,2017-05-12 11:53
관악구,2107. 도림천 신화교,2017-05-26 9:44
관악구,2108. 은천치안센터,2017-05-26 9:45
관악구,2109. 은천로입구 가로공원,2017-06-22 13:59
관악구,2110. 조원동 미성아파트,2017-08-21 10:40
관악구,2111. 서울대입구역 1번출구,2017-08-24 17:50
관악구,2112. 서울대입구역 마에스트로,2017-05-26 9:46
관악구,2113. 관악동작견인차량보관소,2017-07-11 13:31
관악구,2115. 관악농협농산물백화점,2017-06-22 14:00
관악구,2116. 에이스에이존빌딩,2017-05-26 9:48
관악구,2119. 중앙동 동진빌딩,2017-06-22 14:01
관악구,2122. 낙성대로 입구,2017-05-26 9:51
관악구,2127. 보성운수차고지 맞은편,2017-05-12 11:54
관악구,2128. 관악구청교차로,2017-05-26 9:52
관악구,2129. 낙성대 과학전시관,2017-05-26 9:52
관악구,2130. 영어마을 관악캠프,2017-05-26 9:53
관악구,2135. 신림역 5번출구,2017-05-12 11:55
관악구,2136. 신림역 8번출구,2017-09-01 14:04
관악구,2137. KT&G 관악지점,2017-05-26 9:54
관악구,2139. 서울신성초등학교,2017-08-21 13:17
관악구,2140. 신림1교 교차로,2017-05-26 9:55
관악구,2141. 미림여고입구 교차로,2017-06-22 14:03
관악구,2143. 서울산업정보학교,2017-06-22 14:05
관악구,2144. 난우길입구,2017-05-12 11:56
관악구,2145. 은천초등학교 육교,2017-05-26 9:56
관악구,2148. 낙성대역 3번출구 뒤,2017-06-22 14:06
관악구,2153. 서울남부초등학교 옆,2017-05-12 11:57
관악구,2156. 농협 관악문성지점,2017-08-21 14:07
관악구,2157. 난곡 사거리,2017-05-12 11:57
관악구,2159. 인헌초교,2017-11-01 16:00
관악구,2160. 관악구 보건소,2017-11-01 16:00
관악구,2164. 관악우체국,2017-11-28 10:19
관악구,2165. JK장평타워,2017-11-28 10:20
관악구,2167. 낙성대역 1번출구,2017-11-28 10:22
관악구,2169. 봉천역 2번출구,2017-11-28 10:23
관악구,2170. 조원동서울본병원,2017-11-28 10:24
관악구,2171. 서울대입구역 5번출구,2017-11-28 14:57
관악구,2172. 나들목공원,2017-11-28 10:25
관악구,2173. 당곡사거리,2017-11-28 10:25
관악구,2174. 삼성디지털프라자관악점,2017-11-28 10:26
관악구,2175. 신림동걷고싶은문화의거리입구,2017-11-28 10:27
관악구,2176. 보라매공원 보도육교,2017-12-22 14:39
관악구,신대방역 2번출구,2018.09.12
관악구,서울대학교 정문,2018.10.11
관악구,양녕로 입구,2018.11.02
관악구,신림동주민센터,2018.10.30
관악구,동방1교,2018.12.14
관악구,구암초등학교 버스정류장,2018.11.22
광진구,500. 어린이대공원역 3번출구 앞,2015-10-07 11:45
광진구,501. 광진구의회 앞,2015-10-07 11:46
광진구,502. 뚝섬유원지역 1번출구 앞,2015-10-07 11:47
광진구,503. 더샵스타시티 C동 앞,2015-10-07 11:47
광진구,504. 신자초교입구교차로,2015-10-07 11:48
광진구,505. 자양사거리 광진아크로텔 앞,2015-10-07 11:49
광진구,515. 광양중학교 앞,2015-10-07 11:59
광진구,516. 광진메디칼 앞,2015-10-07 11:59
광진구,539. 군자교교차로,2016-06-29 12:00
광진구,540. 군자역 7번출구 베스트샵 앞,2016-06-29 12:00
광진구,542. 강변역 4번출구 뒤,2016-06-29 12:00
광진구,543. 구의공원(테크노마트 앞),2016-06-29 12:00
광진구,544. 광남중학교,2016-06-29 12:00
광진구,546. 잠실대교북단 교차로,2016-06-29 12:00
광진구,548. 자양나들목,2016-06-29 12:00
광진구,549. 아차산역 3번출구,2016-06-29 12:00
광진구,551. 구의삼성쉐르빌 앞,2016-07-06 12:00
광진구,552. 대림아크로리버 앞,2016-07-06 12:00
광진구,553. 중곡 성원APT 앞,2016-07-06 12:00
광진구,555. 구의3동주민센터,2016-07-06 12:00
광진구,571. 어린이대공원역6번출구,2016-07-06 12:00
광진구,572. 국립정신 건강센터 앞,2016-07-06 12:00
광진구,573. 구의문주차장 앞,2016-07-06 12:00
광진구,574. 아차산역4번출구,2016-07-06 12:00
광진구,575. 중앙농협 중곡지점,2016-07-06 12:00
광진구,576. 광나루역 3번 출구,2016-07-06 12:00
광진구,577. 광진청소년수련관,2016-07-06 12:00
광진구,584. 광진광장 교통섬,2016-09-02 11:00
광진구,588. 뚝섬 유원지역,2016-12-09 9:54
광진구,590. 건국대학교 (입학정보관),2017-08-30 16:27
광진구,591. 건국대학교 (행정관),2017-08-30 16:29
광진구,592. 건국대학교 학생회관,2017-08-30 16:30
광진구,593.자양중앙나들목,2017-10-18 11:17
광진구,3500. 군자역2번출구,2017-11-01 10:28
광진구,3501. 광진구청 앞,2017-11-01 12:11
광진구,3502. 중곡역 1번출구,2017-11-01 12:12
광진구,3503. 광진유진스웰,2017-11-01 12:14
광진구,3504. 원일교회,2017-11-01 12:39
광진구,3505. 신양초교앞 교차로,2017-11-01 12:40
광진구,3506. 영동대교 북단,2017-11-01 16:00
광진구,3507. 어린이회관,2017-11-01 16:00
광진구,3508. 화양사거리,2017-11-01 16:00
광진구,3509. 세종사이버대학교,2017-11-01 16:00
광진구,3510. 중곡SK아파트앞,2018-03-23 14:03
광진구,3516. 구의아리수정수센터앞,2017-11-28 10:35
광진구,3517. 용마사거리,2017-11-28 10:24
광진구,3518. 군자역 7번출구뒤,2017-11-28 10:22
광진구,3520. 광진경찰서,2018-02-26 10:57
광진구,3521. 현대홈타운 뒷길,2018-02-26 10:58
광진구,3523. 건국대학교 과학관(이과대) 앞,2018-04-16 14:09
광진구,3524. 세종대학교,2018-04-09 10:27
광진구,광진정보도서관,2018.10.29
광진구,어린이대공원정문,2018.10.31
광진구,건대입구역 사거리(롯데백화점),2018.10.29
광진구,건대입구역 5번출구 뒤,2018.10.29
광진구,중곡사거리(국민은행),2018.10.29
광진구,중앙농협(자양동),2018.10.29
광진구,아차산 휴먼시아 아파트 옆,2018.10.29
광진구,커먼그라운드,2018.11.14
광진구,래미안 구의파크 스위트,2018.11.14
구로구,1901. 신도림동주민센터 앞,2017-05-11 11:14
구로구,1904. 도림천역 1번 출구 앞,2017-05-11 11:15
구로구,1906. 신도림역 1번 출구 앞,2017-05-11 11:16
구로구,1907. 구일우성(아) 육교 밑,2017-05-11 11:17
구로구,1908. 해원리바파크 육교 밑,2017-05-11 11:18
구로구,1910. 낙원교회 맞은편,2017-05-11 11:19
구로구,1911. 구로디지털단지역 앞,2017-05-11 11:20
구로구,1912. 한신휴아파트 앞,2017-05-11 11:21
구로구,1913. 구로리공원,2017-05-11 11:22
구로구,1914. 대림역4번출구,2017-06-27 15:18
구로구,1916. 구로중학교앞,2017-05-11 11:23
구로구,1920. 서울미래초등학교 사거리,2017-05-11 11:24
구로구,1924. 삼부르네상스파크빌,2017-05-11 11:25
구로구,1925. 동양미래대학교 정문 옆,2017-06-27 15:19
구로구,1928. 고척스카이돔구장 광장,2017-05-11 11:27
구로구,1929. 고척근린공원 고척도서관 앞,2017-05-11 11:27
구로구,1930. 개봉지구대 개봉치안센터,2017-05-11 11:28
구로구,1931. 개봉역(북측광장),2017-06-27 15:20
구로구,1933. 개봉푸르지오아파트 상가,2017-05-11 11:29
구로구,1936. 개봉역 1번 출구 자전거보관서쪽,2017-06-22 13:30
구로구,1937. 한진아파트 입구,2017-05-11 11:30
구로구,1941. 오류동역 2번출구,2017-06-22 13:34
구로구,1943. 온수역 북측,2017-06-22 13:35
구로구,1946. 구로역 광장,2017-06-22 13:39
구로구,1951. 천왕이펜하우스 4단지 상가 앞,2017-06-22 13:40
구로구,1952. 천왕연지타운2단지 앞,2017-06-22 13:41
구로구,1953. 천왕역 4번출구 뒤,2017-06-22 13:42
구로구,1955. 디지털입구 교차로,2017-07-27 17:00
구로구,1956. 도야미리숯불갈비 앞,2017-11-13 9:33
구로구,1957. 구일고등학교 정문 ,2017-11-13 9:34
구로구,1958. 강서수도사업소민원센터,2017-11-13 9:34
구로구,1959. 구로구의회 앞,2017-11-13 9:35
구로구,1960. 화광신문사 앞,2017-11-13 9:36
구로구,1961. 신도림테크노근린공원,2017-11-13 9:37
구로구,1962. 가리봉동주민센터,2017-11-13 9:38
구로구,1964. 원메디타운 앞,2017-11-13 9:39
구로구,1965. 삼환로즈빌아파트 105동 옆,2017-11-13 9:41
구로구,1966. 한마을아파트 정문상가,2017-11-13 9:44
구로구,1967. 참새공원(백곡경노당),2017-11-13 9:45
구로구,1968. 동인오피스텔 건너편 소공원,2017-11-13 9:46
구로구,1969. 궁동생태공원,2017-11-13 9:47
구로구,1971. 오정초교 앞 보도육교,2017-11-13 9:49
구로구,1973. 오리로와 서해안도로 교차로 앞,2017-11-13 9:51
구로구,1974. 신도림2차e편한세상아파트 203동 앞,2017-11-13 9:52
구로구,1975. 대림역 1번 출입구 밑,2017-11-13 9:53
구로구,1976. 남구로역 5번 출입구 앞,2017-11-13 9:54
구로구,1977. 천왕역 1번 출입구 앞,2017-11-13 9:56
구로구,1979. 구로1동우체국 앞,2017-11-13 9:57
구로구,1981. 천왕이펜하우스5단지 앞,2017-11-13 9:58
구로구,1983. 구로동롯데아파트,2017-11-28 10:40
구로구,1984. 구로구청,2017-11-28 10:41
구로구,1985. 구로도서관,2017-11-28 10:42
구로구,태평양물산빌딩,2018.09.28
구로구,개봉아이파트아파트 앞,2018.10.15
구로구,고척LIGA아파트 앞,2018.09.19
구로구,오류동역 맞은편,2018.09.19
구로구,구로구배드민턴실내체육관 앞,2018.11.30
구로구,금강수목원아파트 앞,2018.09.19
구로구,삼성전자 물류센터 앞,2018.09.19
구로구,구일역 1번 출입구 앞,2018.10.31
구로구,고척교 교차로,2018.11.26
구로구, 수궁동 성당 주변,2019.03.12
구로구,신도림4차 e편한세상 아파트 1109동 앞,2019.03.12
금천구,1804. 독산역 2번출구 자전거주차장,2017-05-08 15:42
금천구,1805. 서울디지털운동장 앞,2017-05-08 15:43
금천구,1806. 에이스하이엔드타워9차 앞,2017-05-08 15:44
금천구,1808. 에이스하이엔드타워8차 앞,2017-05-08 15:45
금천구,1809. LG전자 별관동(호서대 벤처타워 맞은편),2017-05-08 15:45
금천구,1812. 갑을그레이트밸리 앞,2017-05-08 15:47
금천구,1814. 두산위브아파트 옆 상가건물 앞,2017-05-08 15:49
금천구,1816. 금천폭포공원 앞,2017-05-08 15:50
금천구,1819. 금천구청 앞 자전거거치대,2017-05-10 14:25
금천구,1820. 신한은행 시흥대로금융센터지점,2017-05-08 15:52
금천구,1821. 홈플러스 시흥점 맞은편 다비치안경 앞,2017-05-08 15:54
금천구,1822. 서울 시흥동우체국 앞,2017-05-08 15:56
금천구,1823. 상신정비공업 앞,2017-05-08 15:57
금천구,1824. 독산근린공원 입구,2017-05-08 15:58
금천구,1825. 한신아파트 앞 육교 아래,2017-05-08 16:00
금천구,1826. 한신코아 앞,2017-05-08 16:03
금천구,1827. 독산보도육교 앞 자전거 보관소,2017-05-11 11:09
금천구,1828. 한양수자인아파트 앞,2017-05-08 16:04
금천구,1829. 홈플러스 금천점 앞,2017-05-08 16:05
금천구,1830. 빅마켓 금천점 앞,2017-05-08 16:06
금천구,1831. 메이퀸웨딩컨벤션 앞,2017-05-08 16:08
금천구,1833. 독산역 1번출구 앞 자전거보관소,2017-05-08 16:09
금천구,1834. 월드메르디앙 벤처센터 2차,2017-05-08 16:11
금천구,1835. STX V타워,2017-05-08 16:11
금천구,1836. 금천구립 독산도서관,2017-05-11 11:10
금천구,1839. 수출의 다리 아래,2017-11-01 16:00
금천구,1840. 솔브레인이엔지 뒤편,2017-11-01 16:00
금천구,1841. 가산동 주민센터,2017-11-01 16:00
금천구,1842. 한울중학교,2017-11-01 16:00
금천구,1843. 독산고등학교,2017-11-01 16:00
금천구,1845. 롯데캐슬골드파크1차 서문,2017-11-01 16:00
금천구,1846. 롯데캐슬골드파크1차 동문,2017-11-01 16:00
금천구,1847. 독산주공 14단지 버스정류소,2017-11-01 16:00
금천구,1848. 벽산 디지털밸리 5차,2017-11-01 16:00
금천구,1849. 대륭포스트타워5차,2017-11-28 10:43
금천구,1850. 코오롱테크노밸리,2017-11-28 10:44
금천구,1851. 가산디지털단지 7번출구,2018-02-26 11:42
금천구,혜명양로원 담장 옆,2018.10.15
금천구,서울디자인직업전문학교 앞,2018.10.15
금천구,가산아네스트 오피스텔 앞,2018.10.01
금천구,성지아파트 옆 도로변,2018.10.01
금천구,모두의학교,2018.09.13
금천구,주공14단지,2018.09.13
금천구,석수역1번출구 앞 (SK주유소),2018.10.15
금천구,대륭테크노타운 18차,2019.03.12
노원구,1601. 석계역 문화광장 내 자전거 보관소,2017-05-08 14:03
노원구,1602. 광운대역 앞,2017-06-27 15:13
노원구,1603. 롯데캐슬 102동 코너(월계주유소건너),2017-05-08 14:05
노원구,1605. 헬스케어,2017-06-22 13:21
노원구,1606. 태릉입구역 3번출구 ,2017-05-08 14:05
노원구,1608. 공릉역 1번 출구 앞,2017-05-26 10:09
노원구,1610. 화랑대역 2번출구 앞,2017-05-08 14:06
노원구,1611. 과기대 입구(우),2017-05-08 14:07
노원구,1616. 하계2동 공항버스정류장 옆,2017-05-08 14:08
노원구,1617. 하계동 중평어린이공원 앞,2017-05-08 14:09
노원구,1619. 중계동 하나프라자빌딩 앞(중1-1),2017-05-26 10:11
노원구,1620. 중계동 노원구민체육센터 옆(중1-2),2017-06-22 13:24
노원구,1623. 노원 구민회관,2017-05-08 14:10
노원구,1625. 상계역(4번출구),2017-06-27 15:13
노원구,1627. 수락산역 4번출구,2017-06-27 15:14
노원구,1628. 노일초등학교 앞,2017-06-22 13:25
노원구,1630. 수연빌딩 앞,2017-06-22 13:26
노원구,1634. 당고개공원 대여소,2017-05-08 14:12
노원구,1635. 상계3.4동 주민센터 대여소,2017-05-08 14:12
노원구,1636. 백병원 사거리 농협은행 앞,2017-05-08 14:14
노원구,1637. KT 노원점 건물 앞,2017-05-08 14:15
노원구,1639. 희성오피앙,2017-05-08 14:32
노원구,1640. 한내근린공원 북측,2017-08-30 12:59
노원구,1641. 한내근린공원 남측,2017-08-30 12:48
노원구,1642. 서울여대 남문,2017-08-23 13:47
노원구,1643. 태릉입구역 8번출구,2017-11-01 16:00
노원구,1646. 삼육대 입구,2017-11-01 16:00
노원구,1650. 중계근린공원내,2017-11-01 16:00
노원구,1651. 맥도날드 상계점 앞,2017-11-01 16:00
노원구,1652. 파르코 앞,2017-11-01 16:00
노원구,1653. 노원역1번출구,2017-11-01 16:00
노원구,1654. 당고개입구 오거리,2017-11-01 16:00
노원구,1655. 공릉1단지아파트,2017-11-01 16:00
노원구,1656. 중앙하이츠 아파트 입구,2017-11-01 16:00
노원구,1657. 노원구청 ,2017-11-01 16:00
노원구,1659. 중계동 을지중학교,2017-11-01 16:00
노원구,1660. 서울시립과학관,2017-11-01 16:00
노원구,1661. 당현천근린공원,2017-11-28 10:45
노원구,1662. 노원역7번출구,2017-11-28 10:46
노원구,1663. 동해문화예술관앞,2017-11-28 10:47
노원구,1664. 노해근린공원내,2017-11-28 10:47
노원구,1665. 양지근린공원앞,2017-11-28 10:48
노원구,1666. 노원소방서인근,2017-11-28 10:49
노원구,1667. 중계중학교,2017-11-28 11:18
노원구,1668. 중계역 6번출구,2017-11-28 11:19
노원구,1669. 중계역 3번출구,2017-11-28 11:20
노원구,1670. 노원경찰서교차로,2017-11-28 11:22
노원구,1671. 인덕대학교,2017-11-28 11:23
노원구,1672. 상계동수락리버시티,2017-11-28 11:24
노원구,1673. 노원역?5번출구,2017-11-28 11:25
노원구,1674. 서울북부고용센터앞,2017-11-28 11:29
노원구,1675. 월계문화체육센터,2017-12-22 14:28
노원구,1677. 육군사관학교  앞,2017-12-22 14:30
노원구,1678. 성서대학교 밀알관,2018-02-26 11:31
노원구,1679. 삼육대 도서관,2018-02-26 11:32
노원구,1680. 삼육대 제3과학관,2018-02-26 11:33
노원구,1681. 현대6차 아파트,2018-03-15 14:21
노원구,1682. 중계종합사회복지관 교차로,2018-03-15 14:22
노원구,노원문화예술회관,2018.10.27
노원구,태릉입구역 5번출구,2018.10.27
노원구,불암고등학교 앞 횡단보도,2018.10.27
노원구,온수골사거리(스타벅스앞),2018.11.02
노원구,마들역 7번출구,2018.11.02
노원구,마들역 3번출구,2018.11.02
노원구,도봉운전면허시험장,2018.11.02
노원구,노원정보도서관,2018.11.02
노원구,온곡초교 교차로,2018.12.14
노원구,원자력 병원 ,2019.03.29
도봉구,1702. 녹천역 1번출구 앞,2017-05-08 15:32
도봉구,1703. 도봉산광역환승센터앞 ,2017-05-11 11:04
도봉구,1705. 도봉구청 정문앞,2017-05-08 15:32
도봉구,1706. 기업은행 앞,2017-06-27 15:16
도봉구,1707. 도봉구민회관,2017-05-08 15:33
도봉구,1708. 보건소사거리(다비치안경창동점),2017-05-11 11:05
도봉구,1709. 쌍문역4번출구 주변,2017-05-08 15:34
도봉구,1713. 쌍문동 청소년 랜드,2017-11-01 16:00
도봉구,1714. 도봉문화정보도서관 삼거리,2017-11-01 16:00
도봉구,1715. 서울특별시교육청도봉도서관,2017-11-01 16:00
도봉구,1716. 하나로마트 창동점,2017-11-01 16:00
도봉구,1717. 시립창동운동장 입구,2017-11-01 16:00
도봉구,1719. 신도봉사거리 버스정류장,2017-11-01 16:00
도봉구,1720. 도봉구청 옆(중랑천변),2017-11-01 16:00
도봉구,1721. 창동역 2번출구 ,2017-11-01 16:00
도봉구,1722. 창동청소년수련관,2017-11-28 11:30
도봉구,1723. 방학동학마을도서관,2017-11-28 11:31
도봉구,1725. 창1동주민센터,2017-11-28 11:32
도봉구,1726. 삼익세라믹아파트교차로,2017-11-28 11:34
도봉구,1727. 서울도봉초등학교인근,2017-11-28 11:35
도봉구,서울북부지방법원,2018.07.02
도봉구,파리바케트앞,2018.10.27
도봉구,도봉산역교차로 앞,2018.10.27
도봉구,도봉고등학교 맞은편,2018.11.02
도봉구,우리은행 앞,2018.10.27
도봉구,방학사거리(봄마당 앞),2018.10.27
도봉구,쌍문현대1차아파트 108동 앞,2018.10.27
도봉구,"도봉역 1,2번 출구사이 건너편",2018.10.27
도봉구,버스정류장 앞,2018.10.27
도봉구,하나은행 (창동점),2018.10.27
도봉구,창동주공17단지 상가앞,2018.12.14
도봉구,제일강산수산입구,2018.10.27
도봉구,북한산 코오롱 하늘채,2018.12.14
동대문구,600. 휘경2동 주민센터,2016-06-29 12:00
동대문구,601. 용신동주민센터,2016-06-29 12:00
동대문구,602. 장안동 사거리,2016-06-29 12:00
동대문구,604. 답십리초등학교 옆 공원,2016-06-29 12:00
동대문구,605. 신설동역8번출구,2016-06-29 12:00
동대문구,606. 휘경공고앞,2016-06-29 12:00
동대문구,607. 신이문역 2번출구,2016-06-29 12:00
동대문구,608. 전농삼성아파트,2016-06-29 12:00
동대문구,609. 제기2교,2016-06-29 12:00
동대문구,610. 동대문중 교차로,2016-06-29 12:00
동대문구,612. 시립동부병원 앞 사거리,2016-06-29 12:00
동대문구,613. 신설동역 10번출구 앞,2016-06-29 12:00
동대문구,614. 용두동 사거리,2016-06-29 12:00
동대문구,615. 용두동 레미안허브리츠아파트 앞,2016-06-29 12:00
동대문구,시립대 앞,2016-06-29 12:00
동대문구,617. 청솔우성아파트 앞,2016-06-29 12:00
동대문구,621. 동대문중학교 옆,2016-07-06 12:00
동대문구,622. 전농사거리 교통섬,2016-07-06 12:00
동대문구,623. 서울시립대 정문 앞,2016-07-06 12:00
동대문구,624. 전농동 동아아파트 앞,2016-07-06 12:00
동대문구,625. 답십리초등학교 앞(현대시장 옆),2016-07-06 12:00
동대문구,626. 군자교 서측 녹지대,2016-07-06 12:00
동대문구,627. 장안동삼거리 교통섬,2016-07-06 12:00
동대문구,628. 휘봉고등학교 앞,2016-07-06 12:00
동대문구,630. 동대문구 보건소,2016-07-06 12:00
동대문구,631. 답십리역 1번출구,2016-07-06 12:00
동대문구,633. 청량리 기업은행 앞,2016-07-06 12:00
동대문구,634. 외국어대 정문 앞,2016-07-06 12:00
동대문구,635. 시조사 앞 (청량고정문 옆),2016-07-06 12:00
동대문구,636. 세종대왕기념관 교차로,2016-07-06 12:00
동대문구,637. KAIST 경영대학 앞,2016-07-06 12:00
동대문구,638. 서울시립대 정보기술관,2016-07-06 12:00
동대문구,639. 서울시립대 후문,2016-07-06 12:00
동대문구,640. KEB하나은행 청량리역지점,2016-07-06 12:00
동대문구,641. 용두역 4번출구,2016-07-06 12:00
동대문구,642. 신답역 사거리,2016-07-06 12:00
동대문구,643. 동대문구민체육센터 (육교아래),2016-07-06 12:00
동대문구,646. 장한평역 1번출구 (국민은행앞),2017-11-28 11:35
동대문구,647. 신이문역 1번출구,2017-11-28 11:36
동대문구,장안동 위더스빌 옆,2017-11-28 11:36
동대문구,650. 중랑교사거리,2017-11-28 11:38
동대문구,651. 우리은행청량리지점앞,2017-11-28 11:39
동대문구,답십리 래미안엘파인아파트 입구,2018.11.04
동대문구,654. 전농동 텃골공원,2017-11-28 11:39
동대문구,영휘원 교차로,2018.10.22
동대문구,동대문롯데캐슬아파트 앞,2018.10.22
동대문구,촬영소 사거리,2018.10.22
동대문구,제기역1번출구,2018.10.22
동대문구,동의보감타워,2018.10.22
동대문구,경희대학교 청운관,2018.08.30
동대문구,외대앞역 4번출구,2018.12.14
동작구,2002. 노들역 1번출구,2017-05-12 10:56
동작구,2003. 사육신공원앞,2017-06-22 13:47
동작구,2007. 유한양행앞,2017-05-12 10:58
동작구,2008. 노량진근린공원 대방공원,2017-05-12 10:59
동작구,2009. 보라매역 8번출구,2017-05-26 9:59
동작구,2012. 녹십초요양병원앞,2017-05-26 9:59
동작구,2013. 장승배기역 5번출구,2017-05-12 11:00
동작구,2015. 신대방삼거리역 6번출구쪽,2017-05-26 10:01
동작구,2016. 신대방삼거리역 3번출구쪽,2017-05-12 11:00
동작구,2020. 장승배기역2번출구뒷편쪽,2017-05-12 11:02
동작구,2024. 상도역 1번출구,2017-05-12 11:02
동작구,2025. 흑석역 1번출구,2017-05-12 11:03
동작구,2026. 흑석역 4번출구,2017-07-05 11:51
동작구,2027. 중앙대학교 정문,2017-05-12 11:04
동작구,2032. 이수역 11번출구쪽,2017-06-27 15:22
동작구,2033. 사당동 아르테스 웨딩앞,2017-05-26 10:02
동작구,2034. 사당역 7번출구쪽,2017-06-27 15:23
동작구,2036. 정금마을 마을버스정류장,2017-05-12 11:06
동작구,2037. 동작역 5번출구 동작주차공원,2017-05-12 11:07
동작구,2038. 동작역 7번출구,2017-05-12 11:08
동작구,2040. 비계 버스정류소,2017-05-12 11:09
동작구,2041. 사당중학교 버스정류소,2017-05-26 10:04
동작구,2048. 삼일초등학교 인근,2017-05-26 10:05
동작구,2050. 노량진역 5번출구,2017-05-12 11:13
동작구,2054. 삼익아파트,2017-05-12 11:23
동작구,2056. 동작구민 체육센터,2017-05-26 10:06
동작구,2057. 상도 아이파크 아파트,2017-05-12 11:24
동작구,2058. 노량진동 맥도널드앞,2017-11-01 16:00
동작구,2059. 보라매공원 정문,2017-11-01 16:00
동작구,2060. 남성역3번출구 뒤,2017-11-01 16:00
동작구,한강 현대아파트 건너편,2018.07.04
동작구,2062. 사당새마을금고,2017-11-01 16:00
동작구,2063. 대방역 4번출구,2017-12-22 14:37
동작구,2064. 흑석한강푸르지오 106동앞,2017-12-22 14:37
동작구,2065. 서울시여성가족재단,2017-12-22 14:38
동작구,양문교회 앞,2018..10.02
동작구,LG전자 베스트 샾 대리점 앞,2018.10.11
동작구,총신대 앞(육교),2018.10.11
동작구,숭실대 입구역 3번 출구 앞,2018.10.30
동작구,노량진역 2번출구 앞,2018.10.12
동작구,대림아파트 후문 상가 옆,2019.03.26
마포구,101. (구)합정동 주민센터,2015-09-06 23:40
마포구,102. 망원역 1번출구 앞,2015-09-06 23:42
마포구,103. 망원역 2번출구 앞,2015-09-06 23:43
마포구,104. 합정역 1번출구 앞,2015-09-06 23:44
마포구,105. 합정역 5번출구 앞,2015-09-06 23:45
마포구,106. 합정역 7번출구 앞,2015-09-06 23:46
마포구,107. 신한은행 서교동금융센터점 앞,2015-09-06 23:47
마포구,108. 서교동 사거리,2015-09-06 23:51
마포구,109. 제일빌딩 앞,2015-09-07 1:27
마포구,111. 상수역 2번출구 앞,2015-09-07 1:30
마포구,112. 극동방송국 앞,2015-09-07 1:31
마포구,113. 홍대입구역 2번출구 앞,2015-09-07 1:32
마포구,114. 홍대입구역 8번출구 앞,2015-09-07 1:33
마포구,118. 광흥창역 2번출구 앞,2015-09-07 1:33
마포구,119. 서강나루 공원,2015-09-07 1:34
마포구,120. 신수동 사거리,2015-09-07 1:34
마포구,121. 마포소방서 앞,2015-09-07 10:30
마포구,122. 신성기사식당 앞,2015-09-07 10:31
마포구,124. 서강대 정문 건너편,2015-09-07 10:33
마포구,125. 서강대 남문 옆,2015-09-07 10:34
마포구,126. 서강대 후문 옆,2015-09-07 10:34
마포구,127. 현대벤처빌 앞,2015-09-07 10:35
마포구,129. 신촌역(2호선) 6번출구 옆,2015-09-07 10:37
마포구,130. 신촌역(2호선) 7번출구 앞,2015-09-07 10:37
마포구,136. 대흥동 주민센터,2015-09-07 10:44
마포구,142. 아현역 4번출구 앞,2016-06-29 12:00
마포구,143. 공덕역 2번출구,2016-06-29 12:00
마포구,144. 공덕역 8번출구,2016-06-29 12:00
마포구,145. 공덕역 5번출구,2016-06-29 12:00
마포구,146. 마포역 1번출구 뒤,2016-06-29 12:00
마포구,147. 마포역 4번출구 뒤,2016-06-29 12:00
마포구,148. 용강동 주민센터 앞,2016-06-29 12:00
마포구,150. 서강대역 2번출구 앞,2016-06-29 12:00
마포구,151. 망원1동주민센터,2016-06-29 12:00
마포구,152. 마포구민체육센터 앞,2016-06-29 12:00
마포구,153. 성산2교 사거리,2016-06-29 12:00
마포구,154. 마포구청역,2016-06-29 12:00
마포구,155. 가좌역1 번출구 뒤,2016-06-29 12:00
마포구,156. 서울서부지방법원 앞,2016-06-29 12:00
마포구,157. 애오개역 4번출구 앞,2016-06-29 12:00
마포구,181. 망원초록길 입구,2016-07-06 12:00
마포구,182. 망원2빗물펌프장 앞,2016-07-06 12:00
마포구,183. 하늘채코오롱아파트 건너편,2016-07-06 12:00
마포구,184. SK망원동주유소 건너편,2016-07-06 12:00
마포구,185. 마포 신수공원 앞,2016-07-06 12:00
마포구,186. 월드컵공원,2016-07-06 12:00
마포구,199. 서울 월드컵 경기장,2016-09-02 11:00
마포구,400. 상암한화오벨리스크 1차 앞,2015-10-07 11:57
마포구,401. 상암월드컵파크 10단지 앞,2015-10-07 11:14
마포구,402. 상암월드컵파크 9단지 앞,2015-10-07 11:15
마포구,403. 부엉이공원 앞,2015-10-07 11:35
마포구,405. DMC빌 앞,2015-10-07 11:36
마포구,406. 상암월드컵파크 7단지 앞,2015-10-07 11:37
마포구,407. 마포구 육아종합지원센터,2015-10-07 11:38
마포구,408. LG CNS앞,2015-10-07 11:39
마포구,409. 누리꿈스퀘어 옆,2015-10-07 11:39
마포구,410. 상암중학교 옆,2015-10-07 11:40
마포구,411. DMC홍보관,2015-10-07 11:40
마포구,412. DMC산학협력연구센터 앞,2015-10-07 11:41
마포구,413. 상암월드컵파크 3단지 후문,2015-10-07 11:41
마포구,414. 상암동주민센터 옆,2015-10-07 11:42
마포구,415. DMC역 9번출구 앞,2015-10-07 11:43
마포구,416. 상암월드컵파크 1단지 교차로,2015-10-07 11:44
마포구,417. DMC역 2번출구 옆,2015-10-07 11:42
마포구,418. 월드컵경기장역 3번출구 옆,2015-10-07 11:40
마포구,419. 홈플러스 앞,2015-10-07 11:40
마포구,420. 서울시 공공자전거 상암센터,2015-10-07 11:39
마포구,421. 마포구청 앞,2015-10-07 11:37
마포구,422. 문화비축기지,2017-08-28 17:51
마포구,424. 롯데하이마트 (상암월드컵점) ,2017-11-01 16:00
마포구,DMC 첨단산업센터,2017-11-01 16:00
마포구,426. 서울신용보증재단,2018.7.4개통
마포구,427. 성산시영아파트,2018-02-26 11:34
마포구,마포중앙도서관,2018.10.12
마포구,이대역 5번출구,2018.11.21
마포구,대흥역 1번출구,2018.12.04
마포구,성산2-1 공영주차장,2018.11.22
마포구,마포어린이공원,2018.12.06
서대문구,110. 사천교,2015-09-07 1:28
서대문구,115. 사루비아 빌딩 앞,2015-09-07 1:28
서대문구,116. 일진아이윌아파트 옆,2015-09-07 1:30
서대문구,117. 홍은사거리,2015-09-07 1:32
서대문구,123. 문화촌 공원,2015-09-07 10:32
서대문구,128. 신촌역(2호선) 1번출구 옆,2015-09-07 10:36
서대문구,131. 증산2교,2015-09-07 10:40
서대문구,132. 창천문화공원,2015-09-07 10:41
서대문구,133. 해담는다리,2015-09-07 10:42
서대문구,134. 연세로 명물길,2015-09-07 10:42
서대문구,명물길 원형무대 앞,2015-09-07 10:42
서대문구,137. NH농협 신촌지점 앞,2015-09-07 10:44
서대문구,138. 신촌동 제1공영주차장 앞,2015-09-07 10:45
서대문구,139. 연세대 정문 건너편,2015-09-07 10:48
서대문구,140. 이화여대 후문,2015-09-07 10:46
서대문구,141. 연대 대운동장 옆,2015-09-07 10:47
서대문구,158. 독립문 어린이 공원,2016-06-29 12:00
서대문구,159. 이대역 4번 출구,2016-06-29 12:00
서대문구,160. 북아현동 가구거리,2016-06-29 12:00
서대문구,161. 무악재역1번 출구,2016-06-29 12:00
서대문구,162. 봉원고가차도 밑,2016-06-29 12:00
서대문구,163. 명지전문대학교 정문 앞,2016-06-29 12:00
서대문구,164. 북가좌1동 주민센터 ,2016-06-29 12:00
서대문구,165. 중앙근린공원,2016-06-29 12:00
서대문구,166. 가재울 초등학교,2016-06-29 12:00
서대문구,167. 연가초등학교 옆,2016-06-29 12:00
서대문구,168. 남가좌동 사거리,2016-06-29 12:00
서대문구,169. 북가좌 삼거리,2016-06-29 12:00
서대문구,170. 가재울 뉴타운 주유소 옆,2016-06-29 12:00
서대문구,임광빌딩 앞,2016-06-29 12:00
서대문구,173. 서대문역 8번출구 앞,2016-06-29 12:00
서대문구,175. 홍연2교옆,2016-06-29 12:00
서대문구,176. 명지대학교 도서관,2017-04-24 14:15
서대문구,177. 북가좌 초등학교,2016-07-06 12:00
서대문구,178. 증산3교 앞,2016-07-06 12:00
서대문구,179. 가좌역 4번출구 앞,2016-06-29 12:00
서대문구,180. 충정로역 7번출구 뒤,2016-06-29 12:00
서대문구,188. 홍은동 정원여중 입구,2016-07-06 12:00
서대문구,191. 정명학원,2016-07-06 12:00
서대문구,192. 연서어린이공원,2016-07-06 12:00
서대문구,194. 증산교 앞,2016-07-06 12:00
서대문구,195. 모래내고가차도 ,2016-07-06 12:00
서대문구,196. 연희교차로 인근,2016-07-06 12:00
서대문구,198. 충정2교,2016-07-06 12:00
서대문구,3100. 북성초교,2017-11-01 16:00
서대문구,3101. 서대문구청,2017-11-01 16:00
서대문구,3102. 연희삼거리,2017-11-01 16:00
서대문구,홍제삼거리 북측,2018.10.12
서대문구,e편한세상 신촌4단지 앞,2018.10.12
서대문구,홍은센트레빌 아파트 앞,2018.10.18
서대문구,홍남교 두바퀴쉼터,2018.11.21
서대문구,연희초등학교 앞,2018.10.12
서초구,2201. 본마을 정류소 앞,2017-06-01 9:57
서초구,2202.청계산입구역 1번출구,2017-06-01 10:03
서초구,2203. 청계산입구역 2번출구,2017-06-27 15:24
서초구,2205. 내곡3단지 어린이공원 앞,2017-06-01 10:05
서초구,2206. 언남초등학교 앞,2017-06-01 10:05
서초구,2207. 내곡파출소 뒤 정자,2017-06-27 15:25
서초구,2210. 반포1동 주민센터 앞,2017-06-01 10:06
서초구,2211. 서초구립반포도서관 앞,2017-06-27 15:27
서초구,2212.서초현대4차아파트 201동 맞은편,2017-06-01 10:16
서초구,2213. 고속터미널역 5번출구 앞,2017-06-01 10:17
서초구,2214. 신반포역 2번출구 앞,2017-06-01 10:19
서초구,2215. 반포종합운동장 입구,2017-06-27 15:27
서초구,아크로리버뷰 부지 앞,2017-06-01 10:20
서초구,"2219. 고속터미널역 8-1번, 8-2번 출구 사이",2017-06-01 10:20
서초구,2220. 반포본동 주민센터 앞,2017-06-01 10:21
서초구,2221.하나은행 방배동지점 앞,2017-06-01 10:22
서초구,2222.사당역 12번출구 뒤,2017-06-01 10:23
서초구,2223. 방배래미안 정문 앞,2017-06-01 10:23
서초구,2225.백석예술대학교 제3캠퍼스 앞,2017-06-01 10:24
서초구,2226. 신동아럭스빌아파트 앞,2017-06-01 10:26
서초구,2227.방배열린문화센터 앞,2017-06-01 10:26
서초구,2228.뒷벌공원 옆,2017-06-01 10:28
서초구,2229.로고스교회 맞은 편,2017-06-01 10:29
서초구,2230.이수역 4번 출구,2017-06-01 10:30
서초구,2231. 삼성타운(삼성생명) A동 맞은편,2017-06-01 10:32
서초구,2233. 서초신동아1차아파트 옆,2017-06-01 10:34
서초구,2235.KT 서초지사 앞,2017-06-01 10:35
서초구,2237.서울남부터미널 대합실 입구,2017-06-01 10:36
서초구,2239.교대역 6번출구,2017-06-01 10:39
서초구,2241.양재전화국 사거리,2017-06-01 10:40
서초구,2242.양재역 11번 출구 앞,2017-06-01 10:41
서초구,2243.서울가정법원,2017-06-01 10:42
서초구,2244.교육개발원입구 교차로,2017-06-01 10:43
서초구,2245.양재초등학교 맞은편,2017-06-01 10:44
서초구,2246. 서울시 품질시험소 앞,2017-06-24 9:49
서초구,2247.섬들근린공원,2017-06-01 10:45
서초구,2248. 서초리슈빌S 글로벌 앞,2017-06-27 15:31
서초구,2249. 우솔초등학교 맞은편,2017-06-22 13:56
서초구,2250. 서초유치원 맞은편,2017-06-22 13:57
서초구,2251. 더케이호텔 입구(양재2) ,2017-06-13 9:35
서초구,2252. 하이브랜드 앞,2017-06-24 9:58
서초구,2255.시민의숲역 1번출구 옆,2017-06-01 10:46
서초구,2256.양재동 꽃시장 입구,2017-06-01 10:48
서초구,2257. 하나로클럽 양재점 맞은편,2017-06-01 10:48
서초구,2258.구룡사 삼거리,2017-06-01 10:50
서초구,2259. 잠원역 3번-4번 출구사이 ,2017-06-13 9:27
서초구,2262. 한신16차아파트 119동 앞,2017-06-01 10:50
서초구,2263. 바우뫼문화복지회관,2017-06-22 13:52
서초구,이수역 1번출구,2017-06-22 13:52
서초구,2265. 이수고가차도 남단,2017-08-09 11:16
서초구,2266. 서초역 3번출구,2017-11-01 16:00
서초구,2268. 서초4동주민센터 ,2017-11-01 16:00
서초구,2269. 주홍교 하부,2017-11-01 16:00
서초구,서초포레스타 7단지,2017-11-01 16:00
서초구,2271. 내방역 8번출구 앞,2017-11-01 16:00
서초구,2272. 교대입구 교차로,2017-11-01 16:00
서초구,2273. 일동제약 사거리,2017-11-01 16:00
서초구,2274. 양재시민의숲역 3번출구,2017-11-01 16:00
서초구,2275. 염곡치안센터 건너편,2017-11-01 16:00
서초구,2276. 영동1교 (양재천근린공원),2017-11-01 16:00
서초구,2277. 길마중4교 하부,2017-11-01 16:00
서초구,2279. 교대역 5번출구뒤,2017-11-28 11:40
서초구,서울서초고용센터 앞,2018.9.20개통
서초구,2281. 연세사랑병원신관앞,2017-11-28 11:43
서초구,2282. 방배래미안아트힐 101동앞,2017-11-28 11:44
서초구,2283. 그룹한빌딩옆,2017-11-28 11:45
서초구,2284. CJ오쇼핑앞,2017-11-28 11:45
서초구,2285. LH서초3단지 301동 맞은편,2017-11-28 11:46
서초구,2286. 탑성마을입구,2017-11-28 11:47
서초구,2287. 능안마을입구,2017-11-28 11:48
서초구,2288. 안골마을입구,2017-11-28 11:48
서초구,2289. 남태령역 2번출구,2017-11-28 11:49
서초구,2290. 서래마을파리15구공원앞,2017-11-28 11:50
서초구,2292. 무지개아파트 앞,2017-12-22 14:41
서초구,2293. SPC 앞,2017-12-22 14:42
서초구,2294. 두상빌딩 앞,2017-12-22 14:43
서초구,2297. 남부터미널역 1번출구,2018-02-26 11:43
서초구,2298. 래미안서초스위트앞,2018-02-26 11:44
서초구,한전아트센터 앞,2018.10.17개통
서초구,서초 포레스타5단지,2018.09.03
서초구,서초역1번출구 앞,2018.10.02
서초구,반포1동 서초빌딩 앞,2018.10.02
서초구,신사역 4번출구 뒤,2018.10.30
서초구,우성아파트사거리B(기업은행앞),2018.09.18
서초구,LG유플러스(방배사옥),2018.09.18
서초구,양재이스타빌 앞,2018.09.18
서초구,KT반포지사,2018.09.18
서초구,JW타워,2019.03.26
서초구,이수역 6번출구 앞,2019.03.14
성동구,506. 금호 어울림 아파트 앞,2015-10-07 11:50
성동구,507. 성수아이에스비즈타워 앞,2015-10-07 11:50
성동구,508. 성수아카데미타워 앞,2015-10-07 11:51
성동구,509. 이마트 버스정류소 옆,2015-10-07 11:52
성동구,510. 서울숲 남문 버스정류소 옆,2015-10-07 11:55
성동구,511. 서울숲역 4번 출구 옆,2015-10-07 11:56
성동구,512. 뚝섬역 1번 출구 옆,2015-10-07 11:56
성동구,513. 뚝섬역 5번 출구 정류소 옆,2015-10-07 11:57
성동구,514. 성수사거리 버스정류장 앞,2015-10-07 11:58
성동구,518. 청계천 박물관 앞,2016-06-29 12:00
성동구,519. 양지사거리,2016-06-29 12:00
성동구,520. 상왕십리역 4번 출구 앞,2016-06-29 12:00
성동구,521. 왕십리역 11번 출구 앞,2016-06-29 12:00
성동구,522. 금호역 1번출구 앞,2016-06-29 12:00
성동구,523. 옥수동성당 옆,2016-06-29 12:00
성동구,524. 래미안금호하이리버 아파트 102동 옆,2016-06-29 12:00
성동구,525. 한양대병원사거리,2016-06-29 12:00
성동구,526. 용답토속공원 앞,2016-06-29 12:00
성동구,529. 장한평역 8번 출구 앞,2016-06-29 12:00
성동구,530. 청계벽산아파트 앞,2016-06-29 12:00
성동구,533. 우리은행 금호동 지점 앞,2016-06-29 12:00
성동구,534. 금호사거리,2016-06-29 12:00
성동구,535. 응봉삼거리,2016-06-29 12:00
성동구,536. 행당역 2번출구 앞,2016-06-29 12:00
성동구,537. 한양대후문역 부근,2016-06-29 12:00
성동구,538. 답십리역 8번출구 앞,2016-06-29 12:00
성동구,550. 서울시설공단 앞,2016-06-29 12:00
성동구,556. 달맞이공원,2016-07-06 12:00
성동구,557. 도선동 주민센터 앞,2016-07-06 12:00
성동구,558. 성동광진 교육지원청 앞,2016-07-06 12:00
성동구,559. 왕십리역 4번 출구 건너편,2016-07-06 12:00
성동구,560. 비전교회 앞,2016-07-06 12:00
성동구,561. 서울숲역 2번출구 앞,2016-07-06 12:00
성동구,562. 군자지하보도 앞,2016-07-06 12:00
성동구,563. 성동세무서 건너편,2016-07-06 12:00
성동구,564. 금호역 3번출구,2016-07-06 12:00
성동구,565. 옥수역 3번출구,2016-07-06 12:00
성동구,567. 성수역 2번출구 앞,2016-07-06 12:00
성동구,568. 청계8가사거리 부근,2016-07-06 12:00
성동구,569. 응봉현대아파트 정류소,2016-07-06 12:00
성동구,578. 성동세무서 부근,2016-07-06 12:00
성동구,579. 마장역 4번출구,2016-07-06 12:00
성동구,580. 신금호역 3번출구 뒤,2016-07-06 12:00
성동구,581. 용답초등학교,2016-07-06 12:00
성동구,582. 경일중학교 앞,2016-07-06 12:00
성동구,583. 청계천 생태교실 앞,2016-07-06 12:00
성동구,585. 성수2가1동 공영주차장 인근,2016-09-02 11:00
성동구,586. 마장동 주민센터,2016-09-02 11:00
성동구,587. KEB하나은행 성수중앙지점,2016-09-20 9:41
성동구,589. 성수역3번출구,2017-04-19 16:04
성동구,594. 중랑물재생센터(서울새활용플라자),2017-08-28 10:58
성동구,3511. 응봉역 1번출구,2017-11-01 16:00
성동구,3513. 상왕십리역 1번출구,2017-11-01 16:00
성동구,3514. 왕십리교회옆,2017-11-01 16:00
성동구,3515. 서울숲 관리사무소,2017-11-01 16:00
성동구,3519. 용답역 1번 출구,2017-11-28 14:05
성동구,3522. 사근삼거리,2018-02-26 10:56
성동구,금호스포츠센터앞,2018.10.24
성동구,왕십리 자이아파트,2018.10.24
성동구,왕십리자이아파트 후문(삼거리),2018.10.24
성동구,논골사거리(금호도서관 입구),2018.10.24
성동구,왕십리KCC스위첸아파트,2018.10.24
성동구,서울숲 IT캐슬,2018.10.29
성북구,1302. 한성대입구역6번출구 뒤,2017-06-20 10:06
성북구,1303. 돈암초교 입구,2017-06-30 10:39
성북구,1304. 만해공원,2017-06-20 10:09
성북구,1305. 성북구청,2017-08-03 15:10
성북구,1306. 한성대입구역2번출구,2017-06-22 10:24
성북구,1308. 안암로터리 버스정류장 앞,2017-06-20 10:15
성북구,1313. 정릉현대힐스테이트 1차 후문,2017-04-26 14:48
성북구,1314. 정릉꿈에그린1단지 201동 앞,2017-04-26 14:50
성북구,1315. 고려사대부속중고 정문,2017-04-26 14:51
성북구,1316. 고려사대부속중고 건너편 ,2017-04-26 14:52
성북구,1317. 정릉동 교통광장,2017-06-22 10:28
성북구,1318. 길음역 3번출구 뒤,2017-04-26 14:52
성북구,1319. 종암사거리 분수대,2017-04-26 14:54
성북구,1320. 종암 농협지점 앞,2017-05-02 10:20
성북구,1321. 국민은행 종암동지점 앞,2017-05-11 10:52
성북구,1322. 래미안라센트아파트 103동 앞,2017-04-26 14:55
성북구,1323. 월곡역 입구 육교 밑,2017-04-26 14:55
성북구,1325. 상월곡역 4번출구,2017-04-26 14:58
성북구,1326. 상월곡역 1번출구,2017-04-26 14:59
성북구,1327. 상월곡역 3번출구,2017-04-26 15:00
성북구,1328. 월곡역 3번출구,2017-06-27 15:08
성북구,1332. 석계역 5번출구 건너편,2017-04-26 15:01
성북구,1333. 석관초등학교 앞,2017-04-26 15:02
성북구,1334. 석관동주민센터 앞,2017-04-26 15:03
성북구,1336. 성북3교 위,2017-11-13 9:14
성북구,1337. 돈암성당 옆,2017-11-13 9:18
성북구,1338. 용문2교 옆,2017-11-13 9:19
성북구,1339. 삼성전자서비스 성북센터,2017-11-13 9:20
성북구,1340. 광운초등학교 앞,2017-11-13 9:21
성북구,1342. 성북쉼터 앞,2017-11-13 9:23
성북구,1343. 한성대7번출구 앞,2017-11-13 9:24
성북구,1344. 아리랑시네센터 앞,2017-11-13 9:24
성북구,1346. 길음8골어린이공원 옆,2017-11-13 9:26
성북구,1347. 길음래미안아파트817동 상가 앞,2017-11-13 9:27
성북구,1348. 성북제일새마을금고 본점 앞,2017-11-13 9:27
성북구,1349. 월계2교 버스정류장 앞,2017-11-13 9:28
성북구,1351. SK제삼주유소 앞,2017-11-13 9:30
성북구,1352. e 편한세상 보문아파트 내,2017-11-13 9:31
성북구,1353. 금호어울림센터힐 내,2017-11-13 9:31
성북구,1354. 고려대학교 2번출구,2017-11-28 11:51
성북구,1355. 보문2교,2017-12-22 14:26
성북구,1357. 북한산보국문역,2018-02-26 11:09
성북구,1358. 정릉도서관 앞,2018-02-26 11:10
성북구,1359. 장위뉴타운 꿈에 숲 코오롱 하늘채 앞,2018-02-26 11:13
성북구,1360. 정릉역,2018-02-26 11:13
성북구,1361. 홍익중고 입구,2018-02-26 12:07
성북구,보문역6번출구 앞,2018.11.02
성북구,보문4교 인근,2018.11.04
성북구,성북동 치안센터 앞,2018.11.02
성북구,선잠단지 앞,2018.10.27
성북구,일신초등학교 옆,2018.10.26
성북구,길음문화복합미디어센터,2018.11.02
성북구,성신여대입구 교차로,2018.11.02
성북구,미아사거리,2018.10.26
성북구,복자사랑 피정의 집,2018.10.27
성북구,KEB은행 고대점,2018.10.24
성북구,성북구보건소 건너편,2018.10.26
성북구,생명의 전화 종합복지관 앞 교차로,2018.12.27
성북구,한국과학기술연구원 정문,2019.05.21
성북구,한국과학기술연구원 후문,2019.05.21
송파구,1201. 가락시장역 3번 출구,2017-06-22 10:19
송파구,1203. 밀리아나2빌딩 앞,2017-05-26 10:13
송파구,1204. 거여역 3번출구,2017-06-28 17:16
송파구,1205. 종합운동장역 4번출구,2017-04-24 13:23
송파구,1206. 9호선종합운동장역 9번출구,2017-04-24 13:24
송파구,1207. 마천CU우방점 앞,2017-05-26 10:14
송파구,1208. 풍납현대아파트쉼터,2017-04-24 13:25
송파구,1209. 잠실나루역 (2번 출구 쪽),2017-04-24 13:26
송파구,1210. 롯데월드타워(잠실역2번출구 쪽),2017-06-27 13:33
송파구,1211. 방이삼거리,2017-05-26 10:15
송파구,1212. 송파역 2번 출구앞,2017-06-22 10:19
송파구,1213. 백토공원 앞,2017-04-24 13:27
송파구,1214. 오금역 7번 출구 인근,2017-05-26 10:16
송파구,1215. 올림픽공원역 1번출구 앞,2017-04-24 13:27
송파구,1217. 송파파인타운 7단지,2017-04-24 13:31
송파구,1218. 방이역 4번출구,2017-06-27 13:35
송파구,1220. 잠실본동주민센터뒤 잠실근린공원,2017-04-24 13:32
송파구,1221. 삼전사거리 포스코더샵,2017-07-11 11:27
송파구,1222. 잠실새내역 5번 출구 뒤,2017-04-24 13:32
송파구,1224. 아시아지하보도 2번 출구,2017-04-24 13:35
송파구,1226. 잠실4동 주민센터 옆,2017-06-27 13:38
송파구,1227. 거여역 8번출구 뒤,2017-06-27 13:41
송파구,1228. 마천사거리 ,2017-06-27 13:43
송파구,1229. 송파체육문화회관 앞,2017-04-24 13:36
송파구,1230. 송파중학교 정문,2017-06-27 13:44
송파구,1231. 잠실역 6번출구,2017-06-22 10:20
송파구,1232. 롯데마트 주차장 옆,2017-06-22 10:20
송파구,1233. 잠실3거리(갤러리아팰리스),2017-04-24 13:37
송파구,1235. 잠실트리지움310동 옆,2017-04-24 13:38
송파구,1239. 문정 법조단지3,2017-06-27 13:52
송파구,1240. 문정 법조단지4,2017-06-27 13:53
송파구,1241. 문정 법조단지5,2017-06-27 13:54
송파구,1242. 문정 법조단지6,2017-06-27 13:54
송파구,1243. 문정 법조단지7,2017-06-27 13:55
송파구,1244. 문정 법조단지8,2017-06-27 13:56
송파구,1245. 문정 법조단지9,2017-06-27 13:57
송파구,1246. 문정 법조단지10,2017-06-27 13:58
송파구,1247. 문정 법조단지11,2017-06-27 14:00
송파구,1248. 방이초등학교,2017-06-27 14:01
송파구,1249. 아주중학교건너편,2017-06-27 14:03
송파구,1250.문정2동 주민센터,2017-10-18 11:18
송파구,1251. 석촌역 2번출구,2017-11-01 16:00
송파구,1253. 오금역 3번 출구 뒤,2017-11-01 16:00
송파구,1256. 문정현대아파트 교차로,2017-11-01 16:00
송파구,1257. 가락시장역 롯데마트앞,2017-11-01 16:00
송파구,1258. 가락미륭아파트 앞,2017-11-01 16:00
송파구,1259. 방이역 1번출구,2017-11-01 16:00
송파구,1260. 방이동 한양3차아파트 옆,2017-11-01 16:00
송파구,1262. 송파여성문화회관 앞,2017-11-01 16:00
송파구,1263. 장지공영차고지,2017-11-01 16:00
송파구,1264. 천호역 10번 출구 앞,2017-11-01 16:00
송파구,1265. 문정동 근린공원,2017-11-01 16:00
송파구,1266. 문정동 글샘 공원,2017-11-01 16:00
송파구,1267. 올림픽공원 남2문 앞,2017-11-01 16:00
송파구,1268. 몽촌토성역 1번출구 옆,2017-11-01 16:00
송파구,1269. 리센츠아파트 ,2017-11-01 16:00
송파구,1271. 송파도서관,2017-11-01 16:00
송파구,1274. 영파여고 앞,2017-11-01 16:00
송파구,1275. 거여초등학교 옆,2017-12-22 14:47
송파구,1277. 오금동 송파 참병원,2018-02-26 11:48
송파구,1278. 송파구청 교차로,2018-02-26 11:50
송파구,1279. 마천금호어울림 1차아파트 건너편,2018-02-26 11:53
송파구,1280. 송파파크데일 2단지입구 앞 주차장,2018-02-26 11:54
송파구,1282. 송파소방서 맞은편(성내4교),2018-02-26 11:56
송파구,1283. 오금공원 사거리,2018-02-26 11:56
송파구,1285. 위례별 유치원 뒤,2018-02-26 11:59
송파구,1286. 위례중앙푸르지오 1단지 앞,2018-02-26 12:00
송파구,1287. 위례아이파크 101동 맞은편,2018-02-26 12:00
송파구,1288. 문정중교 사거리,2018-02-26 12:02
송파구,1289. 풍납동 자전거보관소,2018-02-26 12:05
송파구,위례송파꿈에그린아파트24단지 앞 성벽 다리 밑,2018.09.14
송파구,서울체육고등학교 앞,2018.09.07
송파구,석촌호교차로(스타벅스 앞),2018.09.12
송파구,잠실역 8번출구,2018.09.07
송파구,석촌호수교차로(송파나루근린공원 앞),2018.11.05
송파구,석촌호수교차로(동호 팔각정 앞),2018.09.07
송파구,송파소방서(방이119안전센터),2018.09.11
송파구,오륜사거리,2018.10.25
송파구,석촌호수 서호사거리,2018.09.12
송파구,송파 글마루 도서관,2018.09.14
송파구,삼표레이콘 앞,2018.09.14
송파구,복정역 1번 출구 앞,2018.09.14
송파구,위례동주민센터 맞은편 근린공원,2018.09.14
송파구,복정역 2번출구 후문(장지치안센터),2018.11.05
송파구,송파구청,2018.11.12
송파구,보성중고등학교 후문 앞,2018.11.14
송파구,여흥레이크빌 앞(석촌호수 까페거리),2018.11.14
송파구,송파지역자활센터 뒤,2018.11.14
송파구,문정·가락 대여소 앞,2018.11.14
송파구,잠실나들목,2018.11.14
송파구,가락고등학교 앞,2018.11.14
송파구,테라타워2,2018.11.14
송파구,거여동 사거리,2018.11.27
송파구,가락삼환아파트 앞,2018.11.27
송파구,삼전역 1번출구,2018.12.03
송파구,석촌고분역 4번출구,2018.11.14
송파구,송파나루역 4번 출구옆,2018.11.14
송파구,한성백제역 2번 출구,2018.11.14
송파구,올림픽공원역 3번출구,2018.11.14
양천구,700. KB국민은행 염창역 지점 앞,2016-06-29 12:00
양천구,701. 목동사거리 부근,2016-06-29 12:00
양천구,702. 목4동주민센터 옆,2016-06-29 12:00
양천구,703. 오목교역 7번출구 앞,2016-06-29 12:00
양천구,704. 남부법원검찰청 교차로,2016-06-29 12:00
양천구,706. 신정네거리역,2016-06-29 12:00
양천구,707. 신정3동주민센터,2016-06-29 12:00
양천구,708. 서울출입국관리사무소 앞,2016-06-29 12:00
양천구,709. 신정3동 현장민원실 앞,2016-06-29 12:00
양천구,710. 서부화물트럭터미널 사거리,2016-06-29 12:00
양천구,711. 신일해피트리아파트 앞,2016-06-29 12:00
양천구,712. 강월초교입구 사거리,2016-06-29 12:00
양천구,713. 양서중학교 옆,2016-06-29 12:00
양천구,714. 한국SGI 양천문화회관 앞,2016-06-29 12:00
양천구,716.신정6동 주민센터 인근,2016-07-06 12:00
양천구,719. 홍익병원앞 교차로,2016-07-06 12:00
양천구,720. 서울강월초등학교 앞,2016-07-06 12:00
양천구,722. LG전자베스트샵 신정점 ,2017-11-01 16:00
양천구,723. SBS방송국,2017-11-01 16:00
양천구,724. 계남공원 입구 주출입구 좌측,2017-11-01 16:00
양천구,725. 양강중학교앞 교차로,2017-11-01 16:00
양천구,726. 목동3단지 시내버스정류장,2017-11-01 16:00
양천구,729. 서부식자재마트 건너편,2017-11-01 16:00
양천구,731. 서울시 도로환경관리센터,2017-11-01 16:00
양천구,732. 신월동 이마트,2017-11-01 16:00
양천구,733. 신정이펜하우스314동,2017-11-01 16:00
양천구,734. 신트리공원 입구,2017-11-01 16:00
양천구,735. 영도초등학교,2017-11-01 16:00
양천구,736. 오솔길공원,2017-11-01 16:00
양천구,737. 장수공원,2017-11-01 16:00
양천구,739. 신월사거리,2017-11-01 16:00
양천구,740. 으뜸공원,2017-11-01 16:00
양천구,741. 화곡로 입구 교차로,2017-11-01 16:00
양천구,742. 등촌역 5번 출구 뒤,2017-11-01 16:00
양천구,743. 현대6차아파트 101동 옆,2017-11-01 16:00
양천구,744. 신목동역 2번 출구,2017-11-01 16:00
양천구,745. 강서초등학교,2017-11-01 16:00
양천구,746. 목동2단지 상가,2017-11-01 16:00
양천구,747. 목동3단지 상가,2017-11-01 16:00
양천구,748. 목동운동장,2017-11-01 16:00
양천구,이대 목동병원 앞,2018.7.4개통
양천구,750. 연의근린공원 건너편,2018-02-26 11:37
양천구,752. 성원2차 아파트,2018-02-26 11:39
양천구,목동1단지아파트 118동 앞(월촌초등학교 정류소 옆),2018.09.27
양천구,목동1단지아파트 상가 앞(월촌중학교 버스정류소 옆),2018.09.27
양천구,목동주차장,2018.09.27
양천구,신정이펜하우스1단지아파트 입구 사거리,2018.09.27
양천구,한사랑교회 앞,2018.09.27
양천구,보아스아파트 앞,2018.09.20
양천구, 잣절보도육교 아래,2018.10.15
양천구, 오목로 무중력지대 앞,2018.09.27
양천구,목동11단지 아파트,2018.11.05
양천구,목동청소년수련관,2018.10.26
양천구,765. 오목교역 3번출구,2019.01.02
양천구,신목동역 3번출구,2019.03.12
영등포구,200. 국회의원회관,2015-09-11 21:07
영등포구,201. 진미파라곤 앞,2015-09-11 21:17
영등포구,202. 국민일보 앞,2015-09-11 21:20
영등포구,203. 국회의사당역 3번출구 옆,2015-09-17 15:07
영등포구,204. 국회의사당역 5번출구 옆,2015-09-17 15:06
영등포구,205. 산업은행 앞,2015-09-17 15:08
영등포구,206. KBS 앞,2015-09-17 15:09
영등포구,207. 여의나루역 1번출구 앞,2015-09-17 15:33
영등포구,209. 유진투자증권빌딩 앞,2015-09-17 15:10
영등포구,210. IFC몰,2015-09-17 15:11
영등포구,211. 여의도역 4번출구 옆,2015-09-17 15:12
영등포구,212. 여의도역 1번출구 옆,2015-09-17 15:12
영등포구,213. KT앞,2015-09-17 15:13
영등포구,214. 금융감독원 앞,2015-09-17 15:14
영등포구,215. 여의도고교 앞,2015-09-17 15:18
영등포구,216. 삼부아파트1동 앞,2015-09-17 15:19
영등포구,217. NH농협은행 앞,2015-09-17 15:20
영등포구,218. 증권거래소 앞,2015-09-17 15:15
영등포구,219. 롯데캐슬엠파이어 옆,2015-09-17 15:17
영등포구,220. 미성아파트 A동 앞,2015-09-17 15:18
영등포구,221. 여의도초교 앞,2015-09-17 15:20
영등포구,222. 시범아파트버스정류장 옆,2015-09-17 15:21
영등포구,223. 진주아파트상가 앞,2015-09-17 15:21
영등포구,224. 롯데캐슬 앞,2015-09-17 15:22
영등포구,225. 앙카라공원 앞,2015-09-17 15:23
영등포구,226. 샛강역 1번출구 앞,2015-09-17 15:24
영등포구,227. 양평2나들목 보행통로 입구,2016-06-29 12:00
영등포구,228. 선유도역 3번출구 앞,2016-06-29 12:00
영등포구,229. 양평1 보행육교 앞,2016-06-29 12:00
영등포구,230. 영등포구청역 1번출구,2016-07-06 12:00
영등포구,231. 남부고용노동지청 남측,2016-06-29 12:00
영등포구,232. 양평우림 이비즈센타 앞,2016-06-29 12:00
영등포구,233. YP 센터 앞,2016-06-29 12:00
영등포구,234. 영등포구민체육센터 앞,2016-06-29 12:00
영등포구,235. 신길동 우리은행 옆,2016-06-29 12:00
영등포구,236. 문래동자이아파트 앞,2016-06-29 12:00
영등포구,237. 보라매 두산위브 건너편,2016-06-29 12:00
영등포구,238. 제2구민체육센타 앞,2016-06-29 12:00
영등포구,239. 유스호스텔 앞,2016-06-29 12:00
영등포구,240. 문래역 4번출구 앞,2016-06-29 12:00
영등포구,241. 신길우성1차아파트 앞 공원,2016-06-29 12:00
영등포구,242. 신길선원가와인아파트 앞,2016-06-29 12:00
영등포구,243. 이앤씨드림타워 앞,2016-06-29 12:00
영등포구,244. 영등포삼환아파트 앞,2016-06-29 12:00
영등포구,245. 삼성생명 당산사옥 앞,2016-06-29 12:00
영등포구,247. 당산역 10번출구 앞,2016-06-29 12:00
영등포구,248. 초원아파트 앞,2016-06-29 12:00
영등포구,249. 여의도중학교 옆,2016-06-29 12:00
영등포구,250. 대림아파트 사거리,2016-06-29 12:00
영등포구,251. 서울지방병무청 버스정류장,2016-06-29 12:00
영등포구,252. 보라매역4번출구,2016-06-29 12:00
영등포구,253. 신풍역 5번출구 인근,2016-06-29 12:00
영등포구,254. 도림신협 앞,2016-06-29 12:00
영등포구,255. 도림4거리,2016-06-29 12:00
영등포구,256. 동아에코빌입구,2016-06-29 12:00
영등포구,257. 신길삼거리(우리은행),2016-06-29 12:00
영등포구,258. 신길역3번출구,2016-06-29 12:00
영등포구,259. 대방역6번출구,2016-06-29 12:00
영등포구,260. 여의도 마리나선착장 앞,2016-07-06 12:00
영등포구,262. 영문초등학교 사거리,2016-07-06 12:00
영등포구,263. 근로자회관 사거리,2016-07-06 12:00
영등포구,264. 교보생명보험 앞,2016-07-06 12:00
영등포구,265. 영등포유통상가 사거리,2016-07-06 12:00
영등포구,266. 영등포청과시장 사거리,2016-07-06 12:00
영등포구,267. 삼성화재 사옥 옆,2016-07-06 12:00
영등포구,268. 그랜드컨벤션센터 앞,2016-07-06 12:00
영등포구,270. 증권거래소후문교차로,2016-07-06 12:00
영등포구,271. 샛강생태공원방문자센터 앞,2016-07-06 12:00
영등포구,272. 당산육갑문,2016-07-06 12:00
영등포구,274. 영등포역지하쇼핑센타 5번출구,2017-11-28 11:52
영등포구,275. 신동아아파트,2017-11-28 11:53
영등포구,276. SK 영등포주유소,2017-11-28 11:53
영등포구,277. 영등포뉴타운지하상가 2번게이트,2017-11-28 11:54
영등포구,278. 쌍용플레티넘오피스텔,2017-11-28 11:55
영등포구,279. 영등포 푸르지오 아파트,2017-12-22 14:36
영등포구,양평동6차현대아파트 앞,2018.09.28
영등포구,신동아아파트 앞,2018.09.28
영등포구,신한은행,2018.09.28
영등포구,아크로타워 스퀘어(영등포시장),2018.09.28
영등포구,센트럴 푸르지오 시티 앞,2018.09.28
영등포구,대림3동사거리(하나은행),2018.09.28
영등포구,우성아파트 교차로,2018.09.28
영등포구,영등포전화국사거리(서강어린이공원),2018.09.28
영등포구,쌍용예가(구청별관),2018.12.06
영등포구,대림3동사거리,2018.11.21
영등포구,당산동 SK V1 빌딩,2018.12.04
영등포구,문래동 하이테크 시티,2018.11.21
영등포구,영일 어린이공원,2018.11.21
영등포구,충북 미래관,2018.12.04
용산구,800. 목월공원 앞,2016-06-29 12:00
용산구,802. 한강진역 2번 출구 앞,2016-06-29 12:00
용산구,803. 한남초교 앞 보도육교,2016-06-29 12:00
용산구,805. 문배어린이공원 앞,2016-06-29 12:00
용산구,806. 전자랜드 본관 앞,2016-06-29 12:00
용산구,807. 서울역 12번 출구 앞,2016-06-29 12:00
용산구,808. 서빙고동 금호맨션 앞,2016-06-29 12:00
용산구,809. 한남 유수지 복개주차장,2016-06-29 12:00
용산구,810. 이태원지하보도,2016-06-29 12:00
용산구,811. 녹사평역1번출구,2016-06-29 12:00
용산구,812. 용산전쟁기념관,2016-06-29 12:00
용산구,813. 삼각지역 3번출구,2016-06-29 12:00
용산구,815. LIG강촌아파트 103동앞,2016-06-29 12:00
용산구,816. 신용산역 6번출구 앞,2016-07-06 12:00
용산구,817. 삼각지역 4번출구 앞,2016-07-06 12:00
용산구,818. 숙명여대 입구 교차로,2016-07-06 12:00
용산구,819. 선린인터넷 고등학교,2016-07-06 12:00
용산구,820. 청파동입구 교차로,2016-07-06 12:00
용산구,822. 이촌1동 마을공원,2016-07-06 12:00
용산구,효창동주민센터 앞,2016-07-06 12:00
용산구,825. 서빙고동 주민센터 앞,2016-07-06 12:00
용산구,827. 국군복지단,2017-11-28 11:56
용산구,828. 숙대입구역 8번,2017-11-28 11:57
용산구,829. 베르가모앞,2017-11-28 11:57
용산구,830. 청암자이아파트앞,2017-11-28 11:58
용산구,831. 이태원관광특구입구,2017-11-28 11:59
용산구,832. 이촌1동 주민센터 뒤,2017-12-22 14:16
용산구,834. 효창공원앞역 3번출구 뒤,2017-12-22 14:18
용산구,835. 남영역 건너편,2017-12-22 14:20
용산구,836. 현대자동차서비스 앞,2017-12-22 14:21
용산구,837. 한남나들목 입구,2017-12-22 14:22
용산구,숙대입구역 4번출구,2018.12.14
용산구,보광동 삼성리버빌아파트 앞,2018.12.14
용산구,용산 파크타워 앞,2018.10.12
용산구,신용산역 1번 출구,2018.10.12
용산구,녹사평역 광장,2018.10.07
용산구,이촌2동 동원베네스트 아파트 앞,2018.10.19
용산구,용산 선인상가,2018.09.09
용산구,용산중학교,2018.12.14
은평구,900. 은평예술회관,2016-09-02 11:00
은평구,901. 응암1동사무소,2016-09-02 11:00
은평구,902. 진관동 은빛초등학교,2016-09-02 11:00
은평구,903. 은평뉴타운 아이파크,2016-09-02 11:00
은평구,904. 은평뉴타운 푸르지오,2016-09-02 11:00
은평구,905. 구파발역 2번출구,2016-09-02 11:00
은평구,906. 연신내역 5번출구150M 아래,2016-09-02 11:00
은평구,907. CJ 드림시티,2016-09-02 11:00
은평구,908. 구산역 4번출구,2016-09-02 11:00
은평구,909. 백련산 힐스테이트 3차,2016-09-02 11:00
은평구,911. 은평평화공원(역촌역4번출구),2016-09-02 11:00
은평구,912. 응암오거리,2016-09-02 11:00
은평구,913. 이마트 은평점,2016-09-02 11:00
은평구,914. 새절역 2번출구,2016-09-02 11:00
은평구,915. 증산역 4번출구,2016-09-02 11:00
은평구,916. 평생학습관 앞,2016-09-02 11:00
은평구,917. 녹번역 4번출구,2016-09-02 11:00
은평구,919. 서울혁신파크,2016-09-02 11:00
은평구,921. 신도고등학교,2016-09-02 11:00
은평구,922. 연신내역 4번출구,2016-09-02 11:00
은평구,923. 국민은행 연서지점,2016-09-02 11:00
은평구,924. 메뚜기다리,2016-09-02 11:00
은평구,925. 불광역 2번출구,2016-09-02 11:00
은평구,926. 불광역 8번출구,2016-09-02 11:00
은평구,927. 연신내역 3번출구 인근,2016-09-02 11:00
은평구,928. 은평역사한옥박물관,2016-09-02 11:00
은평구,930. 구 서부경찰서 건너편,2016-09-02 11:00
은평구,931. 역촌파출소,2016-09-02 11:00
은평구,932. 예일여중,2016-09-02 11:00
은평구,933. LG서비스 역촌점,2016-09-02 11:00
은평구,934. 신사동 성당,2017-11-01 16:00
은평구,935. 역촌역 1번 출구,2017-11-01 16:00
은평구,937. 상림마을 롯데캐슬2단지 옆,2017-11-01 16:00
은평구,938. 금암 문화공원,2017-11-01 16:00
은평구,939. 은평구청 교차로,2017-11-01 16:00
은평구,941. 은평뉴타운 도서관,2017-11-01 16:00
은평구,942. 상림마을 생태공원,2017-11-01 16:00
은평구,943. 은평구청 보건소,2017-11-01 16:00
은평구,945. 기자촌 사거리,2017-11-01 16:00
은평구,독바위역,2018. 5. 30 개통
은평구,947. 연신내 선일하이츠빌 정류소,2017-11-01 16:00
은평구,948. 디지털미디어 시티역 4번출구,2017-11-01 16:00
은평구,949. 연신내역 1번 출구 ,2017-11-01 16:00
은평구,950. 구산역 2번 출구 ,2017-11-01 16:00
은평구,951. 연신내역 6번출구옆,2017-11-01 16:00
은평구,952. 서울연신중학교,2017-11-01 16:00
은평구,953. 서울연신초등학교,2017-11-01 16:00
은평구,954. 은평뉴타운구파발9단지,2017-11-28 12:00
은평구,956. 응암시장교차로,2017-11-28 12:01
은평구,신한은행 응암동 지점 앞,2018.10.16
은평구,구파발10단지 인근,2018.10.18
은평구,구파발역 환승센터,2018.10.18
은평구,불광역 9번 출구,2018.10.18
은평구,은평뉴타운 힐데스하임,2018.10.18
은평구,대호프라자아파트,2018.10.16
은평구,북한산힐스테이트 7차아파트,2018.10.16
은평구,서울특별시 은평병원,2018.10.16
은평구,서울혁신파크1,2018.08.28
은평구,서울혁신파크2,2018.08.29
은평구,은평뉴타운 상림마을 13단지,2018.10.18
은평구,은평 지웰테라스,2018.12.14
은평구,역촌 센트레빌 아파트,2018.12.14
은평구,수색역,2019.06.14
종로구,301. 경복궁역 7번출구 앞,2015-10-07 12:03
종로구,302. 경복궁역 4번출구 뒤,2015-10-07 12:04
종로구,303. 광화문역 1번출구 앞,2015-10-07 12:05
종로구,304. 광화문역 2번출구 앞,2015-10-07 12:05
종로구,305. 종로구청 옆,2015-10-07 12:06
종로구,306. 광화문역 7번출구 앞,2015-10-07 12:07
종로구,307. 서울역사박물관 앞,2015-10-07 12:09
종로구,308. 광화문 S타워 앞,2015-10-07 12:09
종로구,309. 광화문역 6번출구 옆,2015-10-07 12:10
종로구,314. 국립현대미술관,2015-10-07 12:13
종로구,315. 신한은행 안국역지점 옆,2015-10-07 12:14
종로구,316. 종각역 1번출구 앞,2015-10-07 12:15
종로구,326. 안국역 5번출구 앞,2015-10-07 12:22
종로구,327. 낙원상가 옆,2015-10-07 12:22
종로구,328. 탑골공원 앞,2015-10-07 12:23
종로구,329. 청계2가 사거리 옆,2015-10-07 12:24
종로구,334. 종로3가역 2번출구 뒤,2015-10-07 12:27
종로구,335. 종로3가역 15번출구 앞,2015-10-07 12:28
종로구,337. 창경궁 입구,2015-10-07 12:29
종로구,338. 세운스퀘어 앞,2015-10-07 12:30
종로구,339. 종로4가 사거리,2015-10-07 12:30
종로구,340. 혜화동 로터리,2015-10-07 12:31
종로구,341. 혜화역 3번출구 뒤,2015-10-07 12:32
종로구,342. 대학로 마로니에공원,2015-10-07 12:33
종로구,343. 예일빌딩(율곡로) 앞,2015-10-07 12:34
종로구,344. 성균관대 E하우스 앞,2015-10-07 12:34
종로구,345. 서울보증보험본사 앞,2015-10-07 12:35
종로구,348. 독립문역 사거리,2016-06-01 14:30
종로구,349. 사직동주민센터,2016-06-01 14:30
종로구,351. 청운초교 앞 삼거리,2016-06-01 14:30
종로구,352. 중앙고입구 삼거리,2016-06-01 14:30
종로구,353. 재동초교 앞 삼거리,2016-06-01 14:30
종로구,354. 포르투갈 대사관 앞,2016-06-01 14:30
종로구,355. 서울사대부속초교 앞,2016-06-01 14:30
종로구,356. KT혜화지사 앞,2016-06-01 14:30
종로구,358. 성대입구 사거리,2016-06-01 14:30
종로구,359. 원남동사거리,2016-06-01 14:30
종로구,361. 동묘앞역 1번출구 뒤,2016-06-01 14:30
종로구,362. 청계8가 사거리,2016-06-01 14:30
종로구,363. 신설동역 11번출구 뒤,2016-06-01 14:30
종로구,364. 창신역 1번출구 앞,2016-06-01 14:30
종로구,367. 독립문역 3-1번출구 ,2016-06-01 14:30
종로구,368. SK 서린빌딩 앞,2016-06-01 14:30
종로구,369. 광화문 시민열린마당,2016-06-01 14:30
종로구,385. 종각역 5번출구,2016-07-06 12:00
종로구,386. 올림픽기념 국민생활관 앞,2016-07-06 12:00
종로구,388. 동성중학교 앞,2016-09-02 11:00
종로구,393. 동대문역 8번 출구,2018-01-26 14:06
종로구,394. 경희궁 자이 3단지,2018-01-26 14:07
종로구,395. 경희궁 자이 2단지,2018-01-26 14:08
종로구,397. 종묘공영주차장 건너편,2018-04-30 11:16
종로구,446. 상명대입구,2017-08-01 14:17
종로구,447. 신영동삼거리,2017-08-01 14:18
종로구,449. 일성아파트,2017-08-01 14:20
종로구,450. 효자동 삼거리,2017-09-07 16:05
종로구,451. 청와대앞길,2017-09-07 16:08
종로구,동대문 종합시장 버스정류장,2018.10.23
종로구,종로오가 지하쇼핑센터 14번출구,2018.08.31
종로구,종로2가 버스정류장(종각방향),2018.08.31
종로구,삼익한의원,2018.08.30
종로구,숭인2동 주민센터 입구(이강3대냉면),2018.08.30
종로구,종로꾳시장 입구 옆,2018.08.30
종로구,광화문역 5번출구,2018.08.31
종로구,서울지방경찰청,2018.10.29
중구,300. 정동사거리,2015-10-07 12:03
중구,310. 청계광장 옆,2015-10-07 12:11
중구,311. 서울광장 옆,2015-10-07 12:11
중구,312. 시청역 1번출구 뒤,2015-10-07 12:12
중구,313. 서울역 광장 파출소 옆,2015-10-07 12:13
중구,318. 광교사거리 남측,2015-10-07 12:16
중구,320. 을지로입구역 4번출구 앞,2015-10-07 12:18
중구,321. KEB 하나은행 본점 앞,2015-10-07 12:19
중구,322. 명동성당 앞,2015-10-07 12:19
중구,324. 신세계백화점 본점 앞,2015-10-07 12:21
중구,330. 청계천 한빛광장,2015-10-07 12:25
중구,331. 을지로2가 사거리 북측,2015-10-07 12:25
중구,을지로2가 사거리 남측,2015-10-07 12:25
중구,336. 티마크 호텔 앞,2015-10-07 12:29
중구,346. 맥스타일 앞,2015-10-07 12:36
중구,347. 동대문역사문화공원역 9번출구 앞,2015-10-07 12:37
중구,370. 시청역(2호선) 9번출구 뒤,2016-06-15 9:30
중구,371. 동대입구역 6번출구 뒤,2016-06-15 9:30
중구,372. 약수역 3번출구 뒤,2016-06-15 9:30
중구,373. 청구 어린이공원,2016-06-15 9:30
중구,374. 청구역 2번출구 앞,2016-06-15 9:30
중구,375. 다산 어린이공원,2016-06-15 9:30
중구,378. 청계7가 사거리,2016-06-15 9:30
중구,379. 서울역9번출구,2016-06-15 9:30
중구,380. CJ제일제당 앞,2016-06-15 9:30
중구,381. 장충체육관,2016-06-15 9:30
중구,382. 약수역 10번출구 앞,2016-06-15 9:30
중구,383. 신당역 12번 출구 뒤,2016-06-15 9:30
중구,384. 종로학원본원 ,2016-06-15 9:30
중구,387. 훈련원공원주차장 앞,2016-07-06 12:00
중구,389. 을지로4가역 1번출구,2017-08-03 10:49
중구,390. 충무로역 1번출구,2017-08-03 10:51
중구,391. 정동길입구,2017-09-04 13:09
중구,을지로3가역 3번출구,2018.10.26
중구,서울역 센트럴 자이아파트,2018.10.12
중구,명보사거리,2018.10.22
중구,송도병원,2018.10.22
중구,KEB하나은행 장충동지점,2018.11.02
중구,청계천 영도교,2018.10.23
중구,을지로입구역 2번출구,2018.12.14
중구,신당 레미안 버스정류장,2018.12.06
중구,SK 남산빌딩,2018.12.06
중구,826. 서울역 서부교차로2,2017-08-03 13:14
중랑구,1401. 극동늘푸른아파트,2017-04-26 14:48
중랑구,1402. 금란주차장 앞,2017-04-26 14:51
중랑구,1403. 중화빌딩 앞 (동부시장),2017-04-26 14:55
중랑구,1404. 동일로 지하차도,2017-05-02 13:35
중랑구,1405. 망우역 1번출구,2017-04-26 14:56
중랑구,1406. 망우청소년수련관,2017-04-26 14:57
중랑구,1407. 먹골역 1번출구 뒤,2017-06-22 10:29
중랑구,1408. 먹골역 6번출구 앞,2017-04-26 14:58
중랑구,1410. 면목 대원칸타빌아파트,2017-04-26 14:59
중랑구,1411. 상봉시장앞 교차로 한성빌딩 앞,2017-06-27 15:12
중랑구,1412. 면목초등학교,2017-04-26 15:00
중랑구,1413. 봉화산역 5번출구 뒤,2017-04-26 15:01
중랑구,1414. 사가정역 1번출구,2017-06-22 10:31
중랑구,1416. 상봉역 3번출구,2017-06-22 10:32
중랑구,1418. 새솔초등학교,2017-04-26 15:04
중랑구,1420. 신내어울공원 앞,2017-04-26 15:06
중랑구,1421. 신내역 4번출구,2017-04-26 15:07
중랑구,1422. 신내우디안아파트 1단지,2017-04-26 15:08
중랑구,1424. 양원역 2번출구,2017-04-26 15:08
중랑구,1425. 용마문화복지센터,2017-04-26 15:09
중랑구,1426. 면목도시개발아파트 1동 앞,2017-04-26 15:10
중랑구,1427. 용마산역 1번출구,2017-06-22 10:34
중랑구,1428. 원묵고등학교,2017-06-22 10:35
중랑구,1429. 장안중학교,2017-06-22 10:36
중랑구,1430. 중랑구청,2017-06-22 10:37
중랑구,1431. 중랑구청 사거리,2017-06-22 10:38
중랑구,1433. 중화역 2번출구,2017-06-22 10:38
중랑구,1434. 홈플러스 면목동점,2017-04-26 15:12
중랑구,1435. 능산삼거리,2017-04-26 15:13
중랑구,1436. 영풍마드레빌,2017-04-26 15:15
중랑구,1437. 늘푸른공원 앞,2017-04-26 15:16
중랑구,1438. 홈플러스 신내점 앞,2017-04-26 15:16
중랑구,1440. 하나은행 면목지점,2017-08-01 16:42
중랑구,1441. 신내능말공원,2017-04-26 15:05
중랑구,1442. (구)신한은행 중랑교지점,2017-11-01 16:00
중랑구,1443. 구립망우청소년독서실,2017-11-01 16:00
중랑구,1444. 면목4치안센터,2017-11-01 16:00
중랑구,1445. 용마지구대,2017-11-01 16:00
중랑구,1446. 중랑전화국 교차로,2017-11-01 16:00
중랑구,1447. 면목역 3번출구,2017-11-01 16:00
중랑구,1448. 코스트코 상봉점,2017-11-01 16:00
중랑구,1449. 상봉역 1번출구,2017-11-28 12:02
중랑구,1450. 화랑대역 7번출구,2017-11-28 12:03
중랑구,1451. 중랑세무서,2017-11-28 12:04
중랑구,겸재교 진입부,2017-11-29 12:04
중랑구,1453. 중랑캠핑숲,2017-12-22 14:23
중랑구,1454. 한국전력공사(동대문 중랑지사),2017-12-22 14:24
중랑구,1455. 상봉역 2번 출구,2018-02-13 13:41
중랑구,1456. 상아빌딩(우림시장 교차로),2018-02-26 11:05
중랑구,1457. 동원사거리,2018-02-26 11:06
중랑구,상봉터미널2,2018.11.02
중랑구,용마한신아파트사거리,2018.10.29
